1,Paul,Holt,Charles,m,Slovenia,1.17,114
2,Christopher,Nelson,Christopher,m,Sierra Leone,1.61,323
3,Tracy,Thompson,Jesse,m,Suriname,4.16,273
4,Scott,Jenkins,William,m,Sudan,5.75,436
5,Scott,Hebert,Robert,m,Congo,8.35,475
6,Hannah,Wright,Ross,f,Sri Lanka,6.64,252
7,Eric,Walsh,Jeff,m,Swaziland,5.88,388
8,Jennifer,Smith,Javier,f,Sudan,7.63,145
9,Rebekah,Anthony,Dennis,f,Tajikistan,2.73,429
10,April,Singh,James,f,Barbados,8.79,208
11,Mitchell,Nichols,Stephen,m,Iran,3.0,389
12,Gail,Reyes,Mark,f,Togo,9.82,54
13,Tina,Kane,Zachary,f,Netherlands,7.8,306
14,Autumn,Wong,William,f,Ghana,2.62,391
15,Richard,Smith,Joel,m,Montenegro,1.22,497
16,Courtney,Trujillo,Calvin,f,Guinea,3.34,111
17,Courtney,Clark,James,f,Indonesia,1.76,453
18,Jacqueline,Henderson,Gregory,f,Maldives,4.31,241
19,Kimberly,Meadows,Christian,f,Korea,2.54,482
20,Joseph,Mcgee,Daniel,m,Turks and Caicos Islands,5.28,243
21,Jennifer,Sullivan,Richard,f,Israel,2.32,295
22,Larry,Mason,Travis,m,Andorra,9.06,255
23,Christina,Stafford,Shaun,f,United Arab Emirates,5.93,446
24,Anne,Cole,Eric,f,Guinea,7.49,416
25,Catherine,Doyle,David,f,Martinique,6.14,367
26,Luke,Johnston,David,m,Indonesia,8.3,498
27,Janice,Mitchell,Walter,f,American Samoa,3.48,370
28,Sherry,Miller,Jeffery,f,Wallis and Futuna,3.48,379
29,Michael,Romero,Christopher,m,Heard Island and McDonald Islands,3.83,220
30,Leslie,Davis,Christopher,f,Libyan Arab Jamahiriya,5.47,284
31,Robert,Mcgrath,Darren,m,Russian Federation,6.36,355
32,Danny,Sanders,Robert,m,Central African Republic,5.28,393
33,Joseph,Washington,John,m,Cuba,3.1,132
34,Donald,Reyes,Richard,m,Bahrain,8.79,283
35,Emily,Smith,Eric,f,China,4.8,335
36,Judith,Carr,Nicholas,f,Austria,1.74,471
37,Grant,Wilson,Adam,m,Cocos (Keeling) Islands,4.01,408
38,Diana,Cruz,Robert,f,Lithuania,2.33,255
39,Scott,Tucker,Adam,m,French Polynesia,4.84,460
40,Jaime,Clark,Daniel,f,Eritrea,8.87,203
41,Joshua,Ford,Carlos,m,Angola,8.33,438
42,Helen,Ford,Phillip,f,Norfolk Island,6.59,128
43,Richard,Clark,Gary,m,Rwanda,3.93,213
44,Alyssa,Flores,Matthew,f,Uzbekistan,2.96,327
45,Brad,Chapman,Michael,m,Uruguay,3.13,196
46,Heather,Ford,Robert,f,Netherlands,7.04,313
47,Shawn,Thompson,Justin,m,Guyana,4.92,312
48,Brandon,Murphy,Billy,m,Honduras,9.95,276
49,Brian,Harrell,James,m,Bahamas,8.65,269
50,Ryan,Delgado,Patrick,m,Mayotte,8.07,158
51,Kevin,Cain,Daniel,m,Suriname,6.2,178
52,Yvonne,Graham,Michael,f,Gibraltar,2.88,175
53,Carol,Nelson,Michael,f,Lesotho,4.91,128
54,John,West,Mr.,m,Turks and Caicos Islands,4.11,50
55,Michael,Bishop,Timothy,m,Samoa,1.82,196
56,Michelle,Marshall,Timothy,f,Taiwan,8.55,279
57,Elizabeth,Johnson,Eric,f,Japan,5.12,340
58,Yvonne,Fischer,Michael,f,Niue,1.93,220
59,Susan,Hamilton,Sean,f,Aruba,5.72,459
60,Joshua,Humphrey,Shane,m,Montserrat,1.14,473
61,Eric,Martinez,Steven,m,Eritrea,7.77,325
62,Eugene,Graves,Eduardo,m,Slovakia (Slovak Republic),5.52,244
63,Brittany,Bates,Craig,f,Antigua and Barbuda,3.32,250
64,Albert,Smith,Mr.,m,Sao Tome and Principe,4.57,445
65,Amy,Klein,Christopher,f,Western Sahara,5.6,382
66,Tabitha,Mccormick,Gary,f,Myanmar,9.84,233
67,Andrew,Walker,Anthony,m,Congo,3.37,475
68,Rodney,Henderson,William,m,France,1.15,391
69,Michael,Mueller,Ricardo,m,Bosnia and Herzegovina,9.36,430
70,Katelyn,Roman,Michael,f,United States Minor Outlying Islands,4.39,112
71,Mark,Nelson,Richard,m,Costa Rica,5.88,57
72,Lauren,Hill,Allen,f,Czech Republic,9.19,384
73,Ashley,Rivas,Anthony,f,Guam,5.07,307
74,Sarah,Mcneil,Joshua,f,Uganda,5.34,173
75,Kimberly,Jackson,Wyatt,f,Kazakhstan,3.13,191
76,Brian,Mcintyre,William,m,Malawi,2.91,185
77,Elijah,Aguirre,Matthew,m,Pakistan,2.21,296
78,Evelyn,Taylor,Mr.,f,Uzbekistan,3.08,124
79,Nicole,King,Steve,f,Taiwan,7.17,417
80,Dr.,Reyes,Scott,f,New Caledonia,2.99,125
81,Jackie,Payne,Thomas,f,Haiti,3.71,219
82,Zachary,Bailey,Kevin,m,Cape Verde,9.28,114
83,Michael,Miller,Anthony,m,Tonga,3.91,132
84,Steven,Moore,Christopher,m,Australia,5.94,494
85,Catherine,Duncan,Shawn,f,Romania,3.83,490
86,Michael,Miller,Jose,m,Norfolk Island,7.27,108
87,Patty,Miller,Austin,f,Jersey,8.73,303
88,Brandon,Ray,Joshua,m,Hong Kong,5.07,483
89,Sheryl,Johnson,Matthew,f,Slovenia,3.54,399
90,Mary,Poole,David,f,Montenegro,6.28,250
91,Anthony,Walker,James,m,British Virgin Islands,2.39,210
92,Ronald,Bell,Chad,m,Comoros,5.79,180
93,David,Hoffman,William,m,Macedonia,6.86,335
94,Debbie,Simpson,Omar,f,Burkina Faso,8.6,324
95,Nichole,Villegas,Brian,f,Tunisia,4.13,289
96,Carlos,Love,James,m,Macedonia,3.91,265
97,Rachel,Kennedy,Scott,f,Guernsey,1.93,356
98,Phillip,Alvarez,Charles,m,Montserrat,4.0,329
99,Jack,Fleming,Brett,m,Fiji,3.71,179
100,Cathy,Baker,Daniel,f,Nepal,6.68,205
101,Elizabeth,Lin,Corey,f,Cayman Islands,8.06,157
102,Denise,Gibson,George,f,Trinidad and Tobago,8.68,79
103,Lisa,Palmer,Dr.,f,Saint Vincent and the Grenadines,6.56,405
104,Mr.,Wilson,Joseph,m,Cook Islands,4.06,415
105,Nicole,Hays,Joseph,f,Marshall Islands,9.2,414
106,Sean,Fisher,Jason,m,Myanmar,1.05,288
107,Keith,Allen,Jimmy,m,Dominican Republic,2.15,391
108,Troy,Holt,Russell,m,Tuvalu,4.09,235
109,Anna,Eaton,Zachary,f,Holy See (Vatican City State),9.9,125
110,Ryan,Mckee,Dr.,m,United States Virgin Islands,4.97,76
111,Andrew,Brewer,Corey,m,Denmark,7.96,77
112,Gerald,Jackson,Omar,m,Montserrat,6.41,137
113,Mary,Love,Kyle,f,Congo,8.16,268
114,Tiffany,Simmons,Mr.,f,Bhutan,3.46,174
115,Linda,Carter,Thomas,f,Spain,5.47,161
116,James,Meyer,Rodney,m,Cote d'Ivoire,3.29,489
117,Ray,Baker,Bradley,m,Armenia,7.01,422
118,Michael,Lopez,Jeffrey,m,Myanmar,3.04,460
119,Lisa,Barnes,Ernest,f,Bahrain,2.41,461
120,Samantha,Jones,Michael,f,Cocos (Keeling) Islands,4.47,314
121,Lisa,Reeves,Christopher,f,Georgia,8.53,198
122,Virginia,King,Jonathon,f,Vanuatu,1.18,232
123,Jeffrey,Fisher,Alejandro,m,Hungary,8.22,126
124,Eric,Arias,James,m,Cuba,3.61,333
125,Aaron,Boone,Larry,m,Namibia,4.56,310
126,Rebecca,Chavez,Austin,f,Guyana,7.79,156
127,Miss,Ross,Jordan,f,Micronesia,1.59,304
128,Jesse,Gutierrez,William,m,United States Minor Outlying Islands,1.55,315
129,Michelle,Decker,Christopher,f,Guinea,9.55,81
130,Brian,Haas,Michael,m,Bulgaria,7.89,411
131,Edwin,Alexander,Jacob,m,Vietnam,7.04,69
132,Nancy,Quinn,Kenneth,f,American Samoa,2.74,278
133,Kayla,Dyer,Edgar,f,Hungary,4.01,88
134,Julie,Norman,Henry,f,Turks and Caicos Islands,3.03,132
135,Amanda,Powell,Christopher,f,Panama,7.28,380
136,James,Mendoza,Tyler,m,Panama,7.89,149
137,Jay,Green,Larry,m,Bahrain,4.28,382
138,John,Garcia,Paul,m,Croatia,4.62,94
139,Patrick,Jimenez,Daniel,m,Qatar,5.1,279
140,Daniel,Hawkins,Justin,m,Poland,6.56,448
141,David,Allen,Christopher,m,Heard Island and McDonald Islands,4.47,51
142,Jose,Johnson,Michael,m,Svalbard & Jan Mayen Islands,9.11,472
143,Vernon,Ward,Dustin,m,Tuvalu,8.61,147
144,Elizabeth,Roberson,Gregory,f,South Africa,6.15,176
145,Brandon,Mendoza,Kenneth,m,Croatia,1.04,116
146,Claire,Fleming,Douglas,f,Timor-Leste,6.75,330
147,Mathew,Wolfe,Jonathan,m,Northern Mariana Islands,7.21,353
148,Lucas,Perry,Bryan,m,Nepal,8.5,155
149,Mary,Brown,Shane,f,Switzerland,5.55,490
150,Kristen,Mooney,Frederick,f,Montserrat,4.44,67
151,Troy,Ramirez,Jacob,m,Kyrgyz Republic,1.41,413
152,Sherry,Greene,William,f,Sao Tome and Principe,9.98,365
153,Tammie,Smith,James,f,Hungary,9.86,418
154,Elizabeth,Hancock,William,f,Bouvet Island (Bouvetoya),2.24,58
155,Henry,Harper,Brian,m,Comoros,7.2,500
156,Todd,Church,Thomas,m,Kiribati,3.72,246
157,Heather,Carr,Thomas,f,Netherlands Antilles,6.54,193
158,Brandon,Boone,William,m,Cook Islands,9.48,374
159,Matthew,Robinson,Michael,m,Finland,8.91,143
160,Sonya,Quinn,James,f,Somalia,5.89,448
161,Colleen,Murphy,Anthony,f,Senegal,7.05,199
162,Kimberly,Moreno,Austin,f,Vietnam,9.39,497
163,Kyle,Sweeney,Chris,m,Swaziland,3.54,358
164,Stacey,Allen,Antonio,f,Swaziland,9.09,402
165,Carol,Hicks,Nicholas,f,Netherlands,3.35,95
166,Stephanie,Williams,Michael,f,Korea,9.71,421
167,Antonio,Sullivan,Thomas,m,Niue,8.58,435
168,Mariah,Webster,Brian,f,Tuvalu,5.44,140
169,Debbie,Mendoza,Jacob,f,Belgium,7.42,101
170,Lucas,Scott,Isaac,m,American Samoa,6.27,306
171,Christopher,Banks,William,m,Afghanistan,7.0,278
172,Lindsay,Jones,Kyle,f,Turks and Caicos Islands,8.69,496
173,Justin,Roberson,Paul,m,Kiribati,2.58,500
174,Charles,Hernandez,Ricardo,m,Turkey,5.35,273
175,John,Webster,Christopher,m,Nepal,6.9,71
176,Andrea,Knight,Mr.,f,Western Sahara,8.41,238
177,Christopher,Wilson,Carl,m,Kenya,3.49,315
178,Teresa,Mcintosh,Gregory,f,French Guiana,7.35,175
179,Tim,Torres,Arthur,m,Libyan Arab Jamahiriya,9.0,110
180,Alexander,Wagner,Jake,m,Cuba,8.39,313
181,Martha,Clayton,Adrian,f,China,2.37,241
182,William,Bowman,Mark,m,Greece,2.97,93
183,Angela,Kelley,Jason,f,Nigeria,6.41,464
184,Wendy,Jenkins,Patrick,f,Yemen,2.71,135
185,Andrew,House,Joshua,m,Canada,2.28,173
186,Eric,Ramos,Joseph,m,Zimbabwe,7.75,378
187,Morgan,Martinez,Terry,f,Slovakia (Slovak Republic),6.14,346
188,Lisa,Sanders,Tyler,f,Iraq,8.98,203
189,Martin,Wallace,Barry,m,Malaysia,4.87,444
190,Christina,Davenport,Benjamin,f,Mali,4.98,358
191,Matthew,Mckenzie,Thomas,m,Palestinian Territory,9.51,400
192,Robert,Johnson,Clinton,m,Brazil,9.67,416
193,Felicia,Franklin,Justin,f,Nicaragua,5.93,186
194,Kathryn,Johnson,Joseph,f,New Zealand,8.01,234
195,Maria,Smith,Keith,f,Russian Federation,1.16,255
196,Matthew,Kelley,Kevin,m,Colombia,9.02,414
197,Amy,Glenn,Chad,f,Mauritania,4.03,445
198,James,Smith,Alan,m,Cote d'Ivoire,1.66,451
199,David,Kelly,Justin,m,Micronesia,9.78,260
200,Allison,Walker,Nathan,f,Chad,9.88,223
201,Craig,Mcpherson,Benjamin,m,Bermuda,2.88,192
202,Robert,Robinson,Brandon,m,Albania,7.5,56
203,Miranda,Melendez,Gabriel,f,Japan,6.34,106
204,Tina,Smith,Marco,f,Indonesia,5.61,291
205,Todd,Mills,Kevin,m,United States Minor Outlying Islands,3.06,121
206,Michelle,Lopez,Christopher,f,Austria,7.17,429
207,Shane,Hale,Adrian,m,Saudi Arabia,5.91,500
208,Michelle,Thompson,Timothy,f,Seychelles,5.61,396
209,Jacqueline,Riley,Albert,f,Mexico,1.31,217
210,Alexander,Lee,Ricardo,m,Saint Kitts and Nevis,7.64,465
211,Sean,Martinez,Miguel,m,Sri Lanka,5.76,385
212,Jonathan,Sanchez,John,m,Russian Federation,1.91,430
213,Lindsay,Walker,Jeffrey,f,Liberia,6.7,118
214,Julian,Russell,Mitchell,m,Sao Tome and Principe,6.6,267
215,Jennifer,Morgan,Jesse,f,Iceland,8.91,271
216,Susan,Murphy,Mr.,f,Namibia,3.67,418
217,Steven,Harris,Erik,m,Fiji,1.1,149
218,Hannah,Turner,Ethan,f,Nicaragua,3.46,494
219,Mary,Chang,Austin,f,Isle of Man,3.32,62
220,Tony,Perez,Sean,m,Mauritius,4.91,272
221,Austin,Hernandez,James,m,Bosnia and Herzegovina,9.97,464
222,Angela,Taylor,Bryan,f,Thailand,5.83,205
223,Ricardo,Allen,George,m,Turkey,6.07,79
224,Ellen,Young,Danny,f,United Kingdom,5.03,339
225,Karen,Cisneros,Jason,f,Australia,8.31,246
226,Brenda,Mitchell,Sean,f,Djibouti,6.57,340
227,Jimmy,Huber,Darren,m,South Africa,2.1,477
228,Jennifer,Robinson,Christopher,f,Nauru,4.26,269
229,Mr.,Riley,Dr.,m,Faroe Islands,6.58,141
230,Diana,Garcia,Jesse,f,Gabon,6.58,381
231,Andrew,Weber,Jonathan,m,Saint Barthelemy,6.39,90
232,Rebecca,Yates,Dr.,f,Yemen,4.67,72
233,Natalie,Hardy,Alexis,f,New Caledonia,8.28,412
234,Paul,Hernandez,Aaron,m,Cayman Islands,6.59,362
235,Donald,Castaneda,Timothy,m,Cuba,4.01,200
236,Joseph,Harrell,Jason,m,Cape Verde,6.2,378
237,Gerald,Calderon,Travis,m,Bhutan,4.03,180
238,Teresa,Pierce,Brandon,f,Liberia,1.21,308
239,Michael,Pace,Keith,m,Sudan,9.32,453
240,Daniel,Ross,Christopher,m,Macao,8.55,227
241,Meghan,Morris,Christopher,f,Chad,7.38,456
242,Jessica,Saunders,Kevin,f,Luxembourg,6.52,319
243,Michael,Smith,Ronald,m,San Marino,5.58,483
244,Katrina,Smith,Anthony,f,Saint Lucia,4.41,224
245,Cory,Castro,Bradley,m,Honduras,5.83,358
246,Kevin,Harmon,Brandon,m,Bahamas,3.03,321
247,Robert,Lyons,Ryan,m,Guinea-Bissau,4.53,339
248,Luke,Kelley,Kevin,m,Nigeria,3.17,426
249,Christopher,James,Patrick,m,Burundi,7.15,75
250,Carlos,Carter,Bernard,m,Luxembourg,6.34,297
251,Brian,Armstrong,Gregory,m,Myanmar,2.77,368
252,Joshua,Hess,Michael,m,Reunion,6.17,116
253,Mr.,Le,Christopher,m,Jersey,7.38,129
254,Tiffany,Fernandez,Grant,f,Japan,5.39,169
255,Brian,Perry,Matthew,m,Pakistan,8.16,110
256,Benjamin,Walker,William,m,Lebanon,6.78,420
257,Mason,Acosta,Richard,m,Gambia,1.62,230
258,Anne,Johnston,Anthony,f,Aruba,3.61,422
259,Kristen,Martin,Corey,f,Guernsey,2.16,176
260,Kyle,Trujillo,Ronald,m,Kiribati,4.37,154
261,Michael,Stuart,Anthony,m,Kiribati,3.29,232
262,Matthew,Griffin,Donald,m,Guyana,2.91,225
263,Matthew,Strickland,Daniel,m,Switzerland,2.15,296
264,Kelly,Wilson,Walter,f,Cayman Islands,5.95,191
265,Holly,Marsh,David,f,Equatorial Guinea,3.25,216
266,Steve,Villa,Zachary,m,Guadeloupe,6.6,113
267,Charlotte,Anderson,William,f,Peru,4.72,104
268,Fred,Jimenez,Zachary,m,Sierra Leone,8.19,102
269,James,Elliott,Matthew,m,Cocos (Keeling) Islands,4.55,97
270,Yolanda,Hernandez,Anthony,f,El Salvador,3.6,423
271,Kevin,Nicholson,Timothy,m,Armenia,3.48,177
272,Diana,Reese,Jason,f,Bangladesh,8.36,420
273,Elizabeth,Lindsey,Shawn,f,Japan,8.83,415
274,Erin,Weaver,Matthew,f,Uzbekistan,9.86,264
275,Richard,Howard,Patrick,m,Aruba,4.91,151
276,April,Holmes,Christopher,f,Bhutan,7.78,117
277,Michael,Elliott,Michael,m,Guam,9.6,286
278,David,Melendez,Joseph,m,Monaco,6.38,403
279,Danielle,Sellers,Jeffrey,f,Comoros,9.08,291
280,Michael,Collins,Todd,m,United Arab Emirates,9.11,456
281,Vanessa,Thompson,Charles,f,Turks and Caicos Islands,5.4,428
282,Michael,Haas,William,m,Kiribati,8.96,60
283,Melissa,Moran,Roberto,f,Taiwan,5.72,93
284,Katherine,Dawson,Edward,f,Suriname,8.91,181
285,Robert,Gates,Joel,m,Uganda,6.9,483
286,Mr.,Hutchinson,Zachary,m,Bolivia,8.46,327
287,Angela,Norton,Clarence,f,Cayman Islands,7.97,386
288,Jonathan,Torres,David,m,Malta,8.19,316
289,Fred,Roberts,Aaron,m,Netherlands,7.62,73
290,David,Gray,Patrick,m,Portugal,4.19,158
291,David,Oneill,Marvin,m,Saint Lucia,1.64,104
292,Erica,Miller,Brett,f,China,7.69,101
293,Robert,Cole,Robert,m,British Virgin Islands,3.37,215
294,Ashley,Hanson,Alexander,f,Christmas Island,6.95,306
295,Erin,Hall,James,f,Tanzania,4.77,351
296,Melanie,Schaefer,Andrew,f,Guadeloupe,2.48,221
297,Joy,Kelley,Patrick,f,Nicaragua,8.64,279
298,Kari,Fisher,Stephen,f,Belgium,4.93,412
299,Jesse,Mcgee,Jeffrey,m,Afghanistan,4.25,426
300,John,Knox,Shawn,m,Cuba,3.84,177
301,Jessica,Sims,William,f,Switzerland,3.18,171
302,Michael,Sandoval,William,m,Sri Lanka,4.72,463
303,Eric,Le,Jason,m,Algeria,5.86,239
304,Elizabeth,Hale,Daniel,f,Uganda,2.75,468
305,Ronald,Hall,Michael,m,Belarus,2.38,499
306,Joel,Williams,Anthony,m,Cameroon,3.45,403
307,Andrew,Franco,Ralph,m,Rwanda,3.12,485
308,Derrick,Diaz,Tyler,m,Palau,4.3,106
309,Elizabeth,Campbell,Robert,f,Christmas Island,7.24,237
310,David,Freeman,James,m,Bahrain,2.98,294
311,Daniel,Gamble,Bruce,m,Togo,7.81,164
312,Pamela,Stevens,Alec,f,El Salvador,3.82,483
313,Paul,Graham,Timothy,m,Kuwait,2.52,88
314,Sandra,Johnson,Michael,f,Palau,4.92,317
315,Andrew,Walker,Craig,m,Algeria,9.11,429
316,Nathan,Ford,Ricky,m,Martinique,4.36,106
317,Aaron,Bailey,Jeffrey,m,Belarus,8.06,284
318,Heather,Meyers,Randy,f,Gabon,4.87,478
319,Jason,Le,Austin,m,Czech Republic,5.72,441
320,Margaret,Bailey,Hunter,f,Saint Vincent and the Grenadines,9.55,305
321,John,Adams,Sean,m,Saint Barthelemy,2.0,298
322,Lori,Dominguez,Robert,f,Kuwait,9.64,199
323,Mario,Rodriguez,James,m,Gambia,6.4,305
324,Kyle,Myers,Levi,m,Jordan,4.5,260
325,Kristen,Smith,Patrick,f,Korea,2.17,67
326,Rachel,Bartlett,Michael,f,Fiji,8.81,98
327,Randy,Lopez,Nicholas,m,Holy See (Vatican City State),4.64,395
328,Robert,Banks,Carl,m,South Georgia and the South Sandwich Islands,8.33,147
329,Jorge,Paul,Timothy,m,Ukraine,9.9,323
330,Robert,Simmons,John,m,Norfolk Island,5.23,144
331,Nicole,Woods,Daniel,f,Cuba,6.82,433
332,Randall,Floyd,Mark,m,El Salvador,4.15,51
333,Jose,Gordon,James,m,United Kingdom,7.34,162
334,Jennifer,Greene,Joseph,f,Wallis and Futuna,7.28,111
335,Andrea,Boyd,Roberto,f,Kazakhstan,7.35,342
336,John,Duke,Russell,m,Haiti,8.48,109
337,Hailey,Bryant,Dale,f,Maldives,6.07,196
338,Barry,Price,Lucas,m,Venezuela,5.39,433
339,Pamela,Stone,Joseph,f,Mexico,3.95,111
340,Pamela,Coleman,Joshua,f,Oman,3.42,58
341,Jordan,Lewis,Danny,f,Guadeloupe,1.38,107
342,Ariana,Rivas,Brett,f,Slovenia,1.28,309
343,Suzanne,Miles,Eric,f,Myanmar,8.1,499
344,Mary,Boyd,Bryan,f,Hungary,6.14,247
345,Jonathon,Clay,Benjamin,m,Chile,9.68,226
346,Jason,Reilly,Rodney,m,Qatar,8.12,345
347,Renee,Smith,Adam,f,Chad,4.61,154
348,Maria,Mckay,David,f,Fiji,7.36,50
349,Diana,Morgan,Victor,f,Heard Island and McDonald Islands,9.92,99
350,Ronald,Graves,Donald,m,Egypt,9.42,453
351,Lawrence,Boyd,Andrew,m,Comoros,9.94,182
352,Brian,King,Jimmy,m,Sri Lanka,2.6,341
353,Rachel,Jenkins,Jesse,f,Liberia,5.21,344
354,Carrie,Harrison,Jordan,f,Dominican Republic,2.6,457
355,Aimee,Ferrell,Stephen,f,Cambodia,8.35,86
356,Emily,Price,Douglas,f,Heard Island and McDonald Islands,3.25,65
357,Todd,Chen,Jonathan,m,Comoros,3.83,78
358,Donald,Hill,Jorge,m,Portugal,5.56,119
359,Brett,Mclaughlin,Travis,m,Romania,6.08,308
360,Jeffrey,Torres,Lucas,m,Kyrgyz Republic,9.43,493
361,Annette,Jimenez,Jared,f,Russian Federation,9.67,373
362,Todd,Hansen,John,m,Falkland Islands (Malvinas),6.53,283
363,Donna,Reed,Duane,f,Thailand,7.63,406
364,Lisa,Christina,John,f,Bulgaria,6.71,241
365,Christine,Gonzalez,Michael,f,Fiji,8.3,370
366,Carol,Medina,Joshua,f,United States Minor Outlying Islands,7.21,390
367,Patricia,White,Andrew,f,Cocos (Keeling) Islands,7.52,267
368,Ashley,Kelly,Julian,f,Peru,1.65,105
369,Caitlin,Boyer,Frank,f,Angola,5.09,152
370,Brian,Hughes,Miguel,m,Zambia,1.28,109
371,Mary,Hayes,Larry,f,Czech Republic,5.16,184
372,Victor,Baker,Joseph,m,Netherlands Antilles,5.5,95
373,Mark,Oneal,James,m,French Polynesia,9.11,159
374,Kimberly,Barron,Jesus,f,Bangladesh,3.57,403
375,Kevin,Taylor,Christopher,m,Isle of Man,7.64,450
376,Lauren,Castillo,Dave,f,Cyprus,8.35,141
377,Angela,Horne,Joshua,f,Holy See (Vatican City State),7.48,149
378,Amanda,Arnold,Ronald,f,Netherlands,2.67,302
379,Suzanne,Zimmerman,Anthony,f,Korea,2.63,231
380,Eric,Le,Isaac,m,Latvia,5.06,434
381,Thomas,Jordan,Stephen,m,Turkey,5.41,170
382,Gregory,May,Joseph,m,Micronesia,4.87,341
383,Daniel,Dunn,Michael,m,Bahrain,9.53,262
384,Jeffery,Johnson,Dr.,m,Monaco,2.53,54
385,Ethan,Ruiz,Daniel,m,Chile,3.85,418
386,Suzanne,Wright,John,f,Guinea,3.04,430
387,John,Barnes,Nicholas,m,Czech Republic,3.55,471
388,Ryan,Jones,Eric,m,Taiwan,3.1,98
389,Christopher,Smith,Jason,m,Faroe Islands,5.81,324
390,Mrs.,Hill,Oscar,f,Netherlands,8.46,426
391,Bradley,Carey,Jacob,m,Gambia,5.78,105
392,Toni,Cameron,Thomas,f,Israel,3.71,74
393,Walter,Turner,James,m,Reunion,7.89,348
394,Angela,Boyd,Sean,f,Grenada,4.43,328
395,Erin,Miles,Jeffrey,f,Macedonia,5.6,244
396,Mr.,Gallegos,Michael,m,Brazil,7.25,305
397,Danielle,Price,Christopher,f,Mauritania,7.63,172
398,Carolyn,Dunlap,Stephen,f,Belgium,6.12,299
399,Leslie,Haynes,Edwin,f,French Southern Territories,6.16,287
400,Christine,Howard,David,f,Angola,9.26,350
401,Alisha,Camacho,Jeffrey,f,Montserrat,4.65,457
402,Tanner,Howard,Sean,m,United Kingdom,2.49,389
403,Kristi,Edwards,Thomas,f,Honduras,2.57,255
404,Sarah,Robinson,Michael,f,Lesotho,6.22,466
405,Jessica,Anderson,Lawrence,f,Cape Verde,1.64,216
406,Christine,Thompson,Samuel,f,Haiti,2.06,147
407,Patrick,Douglas,David,m,Burkina Faso,3.53,178
408,Kevin,Perez,Austin,m,Cape Verde,5.78,215
409,Vanessa,Ayers,Charles,f,Tajikistan,1.05,427
410,Cynthia,Kennedy,James,f,Reunion,8.06,273
411,Richard,Smith,Derek,m,Armenia,3.88,486
412,Michael,Reynolds,Timothy,m,Iceland,3.55,450
413,Mr.,Murphy,David,m,Pakistan,5.99,62
414,Ann,Olson,Gregory,f,Maldives,7.53,187
415,Michael,Rowe,Alexander,m,Lesotho,3.22,491
416,Allison,Potter,George,f,Gibraltar,6.63,215
417,Andrew,Tran,Mark,m,Cayman Islands,5.19,434
418,Andrew,Hansen,Nicholas,m,Saint Martin,6.09,457
419,Wendy,Gonzalez,Lawrence,f,Lao People's Democratic Republic,8.99,144
420,Michael,Elliott,Marcus,m,Bahamas,9.16,401
421,Lisa,Forbes,Adam,f,Svalbard & Jan Mayen Islands,8.2,354
422,Adrian,Lynn,Michael,m,Anguilla,3.05,376
423,Jeffrey,Collins,Kenneth,m,Antarctica (the territory South of 60 deg S),2.62,70
424,David,Sparks,Wesley,m,Sudan,9.29,229
425,Alicia,Howell,Kenneth,f,Suriname,4.03,71
426,Michelle,Garrett,Zachary,f,United States Minor Outlying Islands,2.19,443
427,Elizabeth,Dudley,Jeremy,f,Gibraltar,3.03,418
428,William,Perez,Jeffrey,m,Russian Federation,9.5,278
429,Nicholas,Phillips,Christopher,m,Malawi,6.41,160
430,Jack,Barry,John,m,Somalia,3.87,250
431,William,Taylor,Travis,m,Guyana,2.39,397
432,Shannon,Berry,Richard,f,Antarctica (the territory South of 60 deg S),9.79,444
433,Samantha,Carlson,James,f,Hong Kong,7.59,340
434,Daniel,Harper,Ryan,m,Belarus,4.98,195
435,Daniel,Santana,Travis,m,Tajikistan,7.34,64
436,Kayla,Ramsey,Eric,f,Somalia,6.21,204
437,Lisa,Le,John,f,Anguilla,8.46,221
438,Joshua,Allen,Maxwell,m,Lebanon,7.61,168
439,Daniel,Taylor,Joseph,m,Timor-Leste,5.95,123
440,Clarence,Jason,Ryan,m,Jamaica,1.37,367
441,Amy,Mccormick,Darren,f,Belize,7.4,179
442,Michele,Barnes,Jose,f,Norway,9.74,79
443,Angela,Burgess,Dakota,f,Argentina,6.01,218
444,Jessica,King,Matthew,f,Korea,5.75,153
445,Mikayla,Ortiz,John,f,Turkey,7.62,65
446,Courtney,Horton,Kevin,f,Venezuela,6.6,393
447,Brittany,Campbell,Joshua,f,Lithuania,3.89,357
448,Thomas,Rhodes,Brent,m,Maldives,5.39,271
449,Victoria,Parsons,Tim,f,Vanuatu,8.54,211
450,Benjamin,Gray,Charles,m,Isle of Man,1.54,356
451,Katherine,Riley,Patrick,f,Russian Federation,6.62,296
452,Marco,Sweeney,Christian,m,Cameroon,4.84,246
453,Mrs.,Ellison,Ricky,f,Myanmar,8.34,85
454,Dillon,Baker,Jacob,m,Uruguay,2.87,484
455,Kevin,Bridges,Christopher,m,Tunisia,5.61,246
456,Matthew,Mathews,Michael,m,Mayotte,9.32,347
457,Emily,Mitchell,Daniel,f,Zimbabwe,2.05,75
458,Crystal,Boone,Wesley,f,Chile,8.63,454
459,Kimberly,Wiggins,Daniel,f,Philippines,7.54,137
460,Wendy,West,Tim,f,Cyprus,6.66,221
461,Jeremy,Pennington,Casey,m,Mauritius,2.17,330
462,Adam,Edwards,Douglas,m,Jersey,5.49,425
463,Devin,Anderson,Anthony,m,Dominica,6.77,481
464,David,Lynch,Ronald,m,Nauru,3.73,348
465,Jason,Thompson,Kyle,m,Marshall Islands,9.36,387
466,Randall,Garcia,Ryan,m,Hong Kong,8.15,186
467,Thomas,Friedman,Daniel,m,British Virgin Islands,4.63,250
468,Jean,Cox,Casey,f,Guinea,6.0,141
469,Sara,Weber,Adrian,f,China,2.69,202
470,Nathan,Hamilton,Richard,m,Estonia,8.52,224
471,Kimberly,Young,Jeremy,f,Gambia,7.38,243
472,Kevin,Barker,Dan,m,Luxembourg,7.04,134
473,Jason,Evans,Juan,m,Guinea-Bissau,8.82,94
474,Daniel,Williams,Alan,m,Armenia,4.88,347
475,Teresa,Cameron,Douglas,f,Slovakia (Slovak Republic),1.61,121
476,Susan,Perez,Antonio,f,Burkina Faso,2.17,106
477,Michael,Anthony,Ricky,m,Seychelles,7.32,350
478,Amanda,Mccullough,Thomas,f,Greenland,6.72,300
479,Ann,Wilkinson,Ryan,f,India,5.56,291
480,Kevin,Lopez,Anthony,m,Grenada,5.62,254
481,Amy,Moore,Timothy,f,Mauritius,6.89,408
482,Scott,Jackson,Ronald,m,Fiji,2.45,101
483,Kyle,Green,Anthony,m,Tanzania,5.03,182
484,Pamela,Bell,Carl,f,Argentina,6.89,75
485,Tyler,Gilbert,Sean,m,Andorra,7.85,386
486,Maria,Herman,Michael,f,Gambia,3.9,168
487,Mrs.,Sanchez,Randy,f,Martinique,5.33,361
488,Troy,Johnson,Derrick,m,Russian Federation,5.47,103
489,Amber,Barnett,Jason,f,Malta,3.12,294
490,Paul,Harris,Jonathan,m,Niue,2.42,180
491,Barbara,Anderson,Mark,f,Tuvalu,8.63,146
492,Paul,Barnes,John,m,Qatar,3.03,407
493,David,Lopez,Benjamin,m,Liberia,6.35,71
494,Elizabeth,Arnold,Grant,f,Vanuatu,2.69,334
495,Dennis,Brown,Mr.,m,Zimbabwe,3.26,310
496,Jennifer,Hernandez,Mr.,f,Korea,4.71,61
497,Mario,Valencia,Michael,m,Cote d'Ivoire,5.09,120
498,Jamie,Hernandez,Jerry,f,Greece,4.36,125
499,Kevin,Neal,Thomas,m,Botswana,7.67,456
500,Deborah,Harding,Joel,f,Marshall Islands,2.36,81
501,Stephanie,Gardner,Jared,f,Philippines,8.3,402
502,Harold,Taylor,David,m,Micronesia,8.93,484
503,Kelly,Howard,Christopher,f,Cook Islands,8.32,446
504,Melissa,Anderson,Michael,f,Indonesia,5.61,212
505,Craig,Hall,Jonathan,m,French Guiana,6.24,297
506,Michelle,Norris,Bobby,f,Bouvet Island (Bouvetoya),6.36,500
507,Anthony,Barrera,James,m,Armenia,1.46,421
508,Tracy,Park,David,f,China,7.1,83
509,Kimberly,Doyle,Brandon,f,Ecuador,3.08,486
510,Willie,Long,Jackson,m,Guatemala,5.62,382
511,Alicia,Smith,Brandon,f,Cocos (Keeling) Islands,3.34,348
512,Krista,Melton,Robert,f,Indonesia,3.92,231
513,Brian,Lopez,William,m,Tonga,3.88,394
514,Stephanie,Rose,Robert,f,Aruba,4.02,153
515,Eugene,Wilson,Jonathan,m,Saint Kitts and Nevis,1.47,375
516,Linda,Tran,Christopher,f,Qatar,9.3,434
517,Dylan,Johnson,Todd,m,Cayman Islands,8.6,317
518,Vanessa,Morris,William,f,Latvia,6.37,403
519,Scott,Torres,Jonathan,m,Dominican Republic,2.18,311
520,Marc,Holden,Jared,m,Sierra Leone,6.0,362
521,Kim,Cervantes,Justin,f,Cameroon,8.85,454
522,Jennifer,Payne,Preston,f,Myanmar,3.76,198
523,Crystal,Molina,Albert,f,Somalia,9.86,279
524,April,Kennedy,Scott,f,Hungary,9.57,369
525,Lauren,Gomez,Jimmy,f,Guadeloupe,1.48,55
526,Curtis,Martinez,Jeffrey,m,Jamaica,4.73,50
527,Randall,David,Austin,m,Turkmenistan,9.6,378
528,Erin,Jackson,Norman,f,Russian Federation,1.55,440
529,Natalie,Cooper,Nicholas,f,Syrian Arab Republic,6.59,169
530,Karen,Wilson,Michael,f,Honduras,4.84,210
531,Vincent,Flores,Jeremy,m,Kyrgyz Republic,2.47,71
532,Robert,Morris,Joshua,m,Myanmar,1.96,176
533,Kaylee,Price,Darryl,f,Bermuda,9.6,60
534,Tina,Edwards,Jeremy,f,Afghanistan,1.5,383
535,Tara,Toni,Mark,f,Papua New Guinea,4.56,85
536,Maxwell,Jones,Mark,m,Brunei Darussalam,6.37,88
537,Jordan,Stevens,Evan,m,Brazil,3.65,272
538,Rebekah,Ramirez,Bruce,f,Northern Mariana Islands,7.2,281
539,Debra,Diaz,Kevin,f,Guatemala,6.48,177
540,Nicholas,Shaw,William,m,Norway,9.99,295
541,Carlos,Gardner,Mark,m,Bulgaria,7.01,289
542,Kristine,Kim,Joshua,f,Slovakia (Slovak Republic),9.39,493
543,Rachel,Anderson,Sean,f,Togo,9.27,62
544,Rachel,Leon,David,f,Netherlands,7.36,462
545,Mr.,Hopkins,William,m,Zambia,1.29,66
546,Nicole,Walker,Daniel,f,Turkmenistan,1.24,171
547,Melissa,Torres,Mark,f,Vanuatu,9.94,339
548,Micheal,Ruiz,Louis,m,Estonia,7.9,369
549,John,Wallace,John,m,Gambia,6.96,94
550,Christian,John,Robert,m,Malta,1.66,146
551,David,Moore,Roger,m,Jersey,1.32,170
552,James,Reese,Geoffrey,m,Thailand,9.8,298
553,Logan,Frey,Alvin,m,Seychelles,4.77,157
554,Steve,Patton,Robert,m,American Samoa,3.98,232
555,Jessica,Cortez,Randy,f,Serbia,1.41,387
556,Jennifer,Singh,Gregory,f,Tokelau,7.94,186
557,Veronica,Medina,Donald,f,India,3.8,233
558,Eric,Maxwell,Ryan,m,Nicaragua,1.98,372
559,Margaret,Thornton,John,f,Armenia,7.25,232
560,Daniel,Fields,Robert,m,Bangladesh,3.95,398
561,Jeffrey,Brewer,Eric,m,Cameroon,4.91,431
562,Jacob,Jensen,Lawrence,m,Isle of Man,1.98,202
563,Jason,Daniels,Marcus,m,Algeria,7.56,167
564,Robert,Allison,Tony,m,Korea,7.49,256
565,Miss,Hebert,Brian,f,Mongolia,9.82,222
566,Hector,Barnes,Kelly,m,Germany,4.05,498
567,Jesus,Hansen,James,m,Singapore,4.16,95
568,Maria,Barber,Michael,f,Lao People's Democratic Republic,5.5,250
569,James,Kim,Chad,m,Bahamas,8.04,226
570,Dr.,Smith,Richard,m,Palestinian Territory,6.46,132
571,Nancy,Haynes,Jonathan,f,Peru,8.08,221
572,Dr.,Thompson,David,m,Sao Tome and Principe,2.32,422
573,Dr.,Johnson,Derrick,m,French Polynesia,6.75,463
574,Laura,Carter,Jeffrey,f,Antarctica (the territory South of 60 deg S),2.37,310
575,Joel,Mitchell,Dennis,m,Uzbekistan,6.03,373
576,Mallory,Williams,Andrew,f,Singapore,7.87,495
577,Brenda,Holmes,Brandon,f,Georgia,6.26,303
578,Richard,Nash,Thomas,m,Syrian Arab Republic,2.95,200
579,Joseph,Ray,Keith,m,Guam,6.5,466
580,Dawn,Johnson,Anthony,f,Israel,6.01,253
581,Karen,Clayton,Walter,f,Bhutan,9.56,53
582,Benjamin,Chang,Christian,m,Montserrat,1.95,420
583,Misty,Calderon,Ralph,f,San Marino,6.74,145
584,Stacy,Powers,Michael,f,Saint Lucia,9.14,499
585,Stephanie,Shepherd,Charles,f,Sri Lanka,8.95,396
586,Monica,Juarez,James,f,New Zealand,5.51,98
587,Miss,Mills,Travis,f,Saint Lucia,1.39,281
588,Lori,Stevens,Anthony,f,Czech Republic,7.89,165
589,Andre,Jackson,Todd,m,Liechtenstein,8.17,151
590,Melanie,Lamb,Devin,f,Togo,5.04,203
591,Wendy,Avila,Reginald,f,Heard Island and McDonald Islands,2.92,207
592,Elijah,Carlson,Charles,m,Greenland,4.47,433
593,Hannah,Lopez,James,f,Pitcairn Islands,3.14,486
594,Erin,Martinez,David,f,Portugal,7.49,149
595,Heidi,Parker,Todd,f,Tonga,5.17,55
596,Roger,Anderson,Frank,m,Kyrgyz Republic,3.79,135
597,Lisa,Phillips,Ryan,f,Costa Rica,2.91,273
598,Allen,Gibson,John,m,Bouvet Island (Bouvetoya),2.1,229
599,Christina,Mcgee,Mark,f,Sierra Leone,8.6,309
600,Steven,Miller,Gary,m,Swaziland,7.21,161
601,Kelli,Sanchez,Mr.,f,Korea,1.3,62
602,Terry,Wilson,Mr.,m,Faroe Islands,3.94,185
603,Jonathan,Thompson,Joshua,m,Sudan,4.72,236
604,Nicole,Case,Hunter,f,Brazil,8.68,358
605,Pamela,Bush,Kevin,f,Sierra Leone,5.84,306
606,Zachary,Harris,Anthony,m,Grenada,5.99,347
607,Kenneth,Diaz,Robert,m,Dominican Republic,4.01,268
608,Brittney,Gutierrez,Dennis,f,Somalia,9.77,378
609,James,Parker,James,m,British Virgin Islands,9.19,78
610,Jordan,Thomas,Victor,m,Pakistan,8.72,352
611,Leah,Mckenzie,Nicholas,f,Botswana,6.4,429
612,Mr.,Thomas,Devin,m,Moldova,9.62,349
613,Jacqueline,Huffman,Richard,f,Mauritania,5.63,444
614,Sara,Jessica,Anthony,f,Cook Islands,6.81,403
615,Kristen,Pacheco,Drew,f,Japan,2.97,202
616,Jodi,Ellis,Ronnie,f,Afghanistan,5.34,392
617,Tammy,Miller,Richard,f,Bermuda,5.63,69
618,John,Brooks,Martin,m,Saint Pierre and Miquelon,7.93,81
619,Sabrina,Hughes,Edward,f,Antarctica (the territory South of 60 deg S),5.06,162
620,Christopher,Boyer,Randy,m,Mayotte,7.86,390
621,Jesse,Davies,Nicolas,m,Poland,9.45,331
622,Stacy,Marquez,John,f,Mali,9.09,469
623,Tyler,Wright,David,m,Chile,4.78,412
624,Juan,Reed,Jacob,m,British Virgin Islands,1.93,424
625,Tim,Eaton,Mr.,m,Montserrat,9.11,239
626,Olivia,Burke,Michael,f,Canada,1.98,422
627,Christopher,Tran,Larry,m,Montenegro,7.44,358
628,Mary,Watson,Chad,f,Georgia,4.37,308
629,Diana,Dixon,Michael,f,Burundi,8.57,156
630,Jeffrey,Davis,Dustin,m,India,9.33,394
631,Michelle,Hall,Kevin,f,Antigua and Barbuda,4.22,67
632,Renee,Evans,William,f,Hong Kong,1.87,231
633,Virginia,Cline,Arthur,f,Western Sahara,3.06,377
634,Zachary,Jackson,Bradley,m,Ecuador,1.38,369
635,Crystal,Padilla,Eric,f,Kyrgyz Republic,2.45,447
636,Matthew,Beasley,Christopher,m,Oman,3.23,421
637,Matthew,Delgado,Edward,m,Gibraltar,5.2,104
638,Sharon,Bowman,David,f,Congo,5.3,449
639,Matthew,Velez,John,m,Yemen,3.65,302
640,Bridget,Bennett,Joshua,f,Guadeloupe,5.19,126
641,Christine,Patterson,Jerry,f,Western Sahara,2.35,349
642,Michael,Wade,Michael,m,Saint Helena,8.67,431
643,Joanna,Hunter,Michael,f,Guinea,7.06,421
644,Sara,Wade,John,f,Christmas Island,1.76,454
645,Charles,Wallace,Robert,m,Ghana,7.52,369
646,Ernest,Haynes,Cody,m,Serbia,1.82,67
647,Madison,Arellano,Lee,f,Denmark,3.03,369
648,Amy,Wright,Brandon,f,Greenland,6.17,448
649,Robert,Curtis,Timothy,m,France,4.15,162
650,Evan,Monroe,Frederick,m,Serbia,6.92,77
651,Denise,Armstrong,Keith,f,Syrian Arab Republic,1.68,173
652,Brian,Winters,Patrick,m,Suriname,6.92,128
653,Richard,David,Travis,m,Finland,2.68,311
654,Kevin,Soto,David,m,Timor-Leste,3.46,136
655,Tara,Hammond,Jordan,f,Venezuela,5.26,382
656,Melanie,Curry,Aaron,f,Palau,1.69,172
657,Daniel,Wilson,Wesley,m,Mozambique,6.67,473
658,Michael,Kerr,Adam,m,China,5.41,118
659,Mark,Mccann,Douglas,m,Canada,8.47,245
660,Juan,Jones,John,m,Saint Barthelemy,4.63,500
661,Peggy,Sanders,Patrick,f,Gambia,1.46,315
662,Kathryn,Brandt,Jonathan,f,Spain,7.84,206
663,Edwin,Long,Benjamin,m,France,1.94,93
664,Sean,Wood,Joseph,m,Saint Kitts and Nevis,9.69,358
665,Denise,Leonard,Mark,f,Senegal,4.86,136
666,Christine,Parsons,William,f,Bosnia and Herzegovina,6.68,308
667,Pedro,Ford,Robert,m,Nigeria,9.47,59
668,Allen,Mcdonald,Justin,m,Romania,1.88,396
669,Heather,Jenkins,Willie,f,Bahamas,7.63,59
670,Kristin,Bowen,Barry,f,Sri Lanka,3.21,494
671,Suzanne,Petty,David,f,Mexico,1.74,189
672,Kevin,Butler,Keith,m,Mauritius,6.24,496
673,Greg,Brown,Alan,m,Spain,7.94,227
674,Sheila,Williams,Kenneth,f,Malaysia,5.51,152
675,Shannon,Roberts,Antonio,f,Nepal,5.65,471
676,Marie,Young,Gary,f,Fiji,7.94,256
677,Kayla,Rogers,James,f,Mali,7.53,53
678,Alyssa,Larson,Richard,f,Luxembourg,4.05,453
679,Kaitlyn,Vega,Ricardo,f,Congo,6.23,484
680,Anne,Kramer,Brian,f,Namibia,2.59,394
681,Jason,Fritz,Jordan,m,Jamaica,4.71,131
682,Sabrina,Garza,Benjamin,f,Israel,5.53,481
683,Joshua,Jensen,Daniel,m,Romania,8.98,302
684,Michael,Obrien,Miguel,m,Paraguay,7.03,301
685,Kelly,Brown,Thomas,f,Saudi Arabia,8.04,214
686,Megan,Contreras,Dylan,f,Tunisia,6.71,228
687,Julie,Levine,James,f,Eritrea,2.31,146
688,Michael,Robinson,Daniel,m,Timor-Leste,3.46,493
689,James,Brooks,Anthony,m,Ukraine,7.26,359
690,Stephen,Lambert,William,m,Guam,4.42,108
691,Corey,Morgan,Kevin,m,Syrian Arab Republic,6.63,250
692,Paul,Nelson,Joseph,m,Trinidad and Tobago,4.77,375
693,Scott,Bailey,Guy,m,Maldives,5.2,88
694,David,Campbell,Robert,m,Georgia,6.95,62
695,Karl,Hawkins,Mark,m,Belgium,7.01,322
696,Ryan,Barber,John,m,Pakistan,4.43,214
697,Patricia,Hoffman,Benjamin,f,Bolivia,3.24,100
698,Kyle,Gibson,Matthew,m,British Indian Ocean Territory (Chagos Archipelago),7.15,380
699,Ralph,Grant,Calvin,m,Congo,1.09,402
700,Brett,Villegas,Joseph,m,Nauru,4.93,336
701,Mario,Morrison,Joseph,m,Moldova,2.98,275
702,Courtney,Solis,Thomas,f,Cuba,5.89,482
703,Mr.,Golden,Carlos,m,Namibia,5.96,308
704,Tara,Mcintyre,Robert,f,Palau,2.49,162
705,John,Bright,Michael,m,France,1.14,102
706,Cheryl,Little,Aaron,f,Costa Rica,5.04,482
707,Karen,Roberson,Shawn,f,Papua New Guinea,3.91,432
708,Jessica,Clark,David,f,Dominican Republic,4.83,458
709,Ashley,Price,Robert,f,Faroe Islands,2.28,320
710,Daniel,Wells,Stanley,m,Bolivia,7.28,68
711,Wendy,Cooke,Mark,f,Uganda,4.32,197
712,Justin,Foster,Francisco,m,Slovenia,2.5,455
713,Christina,Klein,Mark,f,Gabon,3.24,173
714,James,Ramos,Jesus,m,Cook Islands,7.45,63
715,Sarah,Washington,John,f,Iraq,2.74,334
716,Brian,Garcia,Christopher,m,Mauritania,2.69,63
717,Derrick,Johnston,Jeremy,m,Mongolia,8.29,412
718,Michael,Bryant,Joseph,m,Bahamas,9.8,114
719,Gary,Parker,Matthew,m,Uganda,2.46,321
720,Roger,Dyer,William,m,Turks and Caicos Islands,6.42,141
721,Marcus,Crawford,Victor,m,Kuwait,1.03,126
722,Amanda,Garcia,Tony,f,Bermuda,9.97,447
723,Kelly,Guerrero,Dylan,f,Dominican Republic,6.26,135
724,Kelly,Burns,Bill,f,Liberia,2.95,316
725,Angela,Ross,Ronald,f,Cuba,5.93,416
726,Valerie,Hill,James,f,Burundi,1.99,224
727,Chad,Hall,Steven,m,Dominican Republic,6.97,116
728,Cory,Dyer,Russell,m,Haiti,1.81,99
729,Levi,Fields,Eric,m,Zambia,2.22,324
730,Stephanie,Trevino,Robert,f,Tunisia,1.69,167
731,Carrie,Campbell,Michael,f,Canada,3.93,443
732,Henry,Jenkins,Jeffrey,m,Tokelau,7.49,446
733,Heather,Gonzalez,Philip,f,Guernsey,3.88,78
734,Daniel,Gonzales,Michael,m,Mauritania,7.54,336
735,Jessica,Campos,Joshua,f,Bulgaria,2.09,481
736,Mr.,Mcgee,James,m,Senegal,1.01,222
737,Emily,Davis,Ryan,f,Pakistan,1.13,332
738,Megan,Vazquez,Charles,f,Spain,4.62,314
739,Jeffrey,Jones,Justin,m,Argentina,4.14,124
740,Mark,Stone,Joseph,m,Falkland Islands (Malvinas),8.58,210
741,Jennifer,Burgess,Douglas,f,Philippines,2.19,206
742,Carla,Marquez,Jeremy,f,Zambia,6.3,337
743,Arthur,Thomas,Jose,m,Austria,7.47,412
744,Barbara,Miranda,Nathan,f,Benin,4.57,351
745,Melissa,Neal,Daniel,f,Macao,1.39,105
746,Beth,Ford,Michael,f,Saint Kitts and Nevis,2.79,152
747,Barbara,Reed,Curtis,f,Iraq,1.93,69
748,Annette,Freeman,Stephen,f,Trinidad and Tobago,8.97,288
749,Brett,Morales,Jason,m,Malawi,9.76,370
750,Priscilla,Riley,John,f,Montserrat,1.5,344
751,Andrew,Peterson,Matthew,m,Tanzania,9.78,201
752,Michael,Murphy,Terrence,m,Germany,6.92,407
753,April,Zhang,Benjamin,f,American Samoa,8.34,299
754,Christopher,Blake,Brian,m,Brazil,7.74,374
755,Kathy,Bender,James,f,Comoros,8.94,82
756,Sara,Campbell,Glen,f,Seychelles,9.51,191
757,Carol,Padilla,Scott,f,Colombia,6.8,435
758,Jeanette,Cunningham,Andrew,f,Austria,4.22,460
759,Rebecca,House,Joseph,f,Kiribati,2.99,343
760,Sandy,Gomez,Charles,f,British Virgin Islands,2.89,238
761,Monica,Rice,Zachary,f,Western Sahara,5.93,183
762,Oscar,Price,Michael,m,Honduras,8.37,359
763,Andrew,Davis,Timothy,m,Papua New Guinea,5.07,370
764,Gary,Martinez,Calvin,m,Uzbekistan,6.46,366
765,Lauren,Hall,Brian,f,Colombia,2.74,189
766,Miranda,Gabriela,Mark,f,Belize,8.52,370
767,Dana,Wolf,Ryan,f,Ecuador,1.22,386
768,Terri,York,Logan,f,Fiji,2.55,209
769,Melissa,Galloway,John,f,Slovakia (Slovak Republic),7.64,300
770,Dr.,Hubbard,Allen,m,Sao Tome and Principe,9.43,448
771,Justin,Freeman,John,m,Kyrgyz Republic,8.01,218
772,Kathleen,Jackson,Jamie,f,Costa Rica,9.67,248
773,Eduardo,Phillips,James,m,Israel,1.97,279
774,Michael,Diaz,Troy,m,Wallis and Futuna,8.3,449
775,Amanda,Harris,Tracy,f,Gibraltar,5.23,169
776,Jennifer,Martinez,Raymond,f,Greenland,4.15,215
777,Karen,Herrera,Timothy,f,Pitcairn Islands,5.26,69
778,Sharon,Johnson,Cody,f,Kiribati,6.35,419
779,Joel,Schaefer,Carlos,m,China,9.95,171
780,James,Andrade,Cameron,m,Benin,3.6,277
781,Jordan,Salazar,Joseph,m,Vanuatu,3.53,341
782,Robert,Knight,Chad,m,Italy,6.61,485
783,Lisa,Wright,Michael,f,France,9.97,359
784,Jessica,Lewis,Jeremy,f,Nicaragua,1.18,89
785,Michelle,Carolyn,Justin,f,Netherlands Antilles,5.64,134
786,Laurie,Smith,Adam,f,Eritrea,1.73,152
787,James,Newman,William,m,South Georgia and the South Sandwich Islands,3.4,143
788,Kristina,Brown,Justin,f,Argentina,7.5,185
789,Victoria,Key,Hector,f,Madagascar,7.44,329
790,Mandy,Duran,Brad,f,Vanuatu,1.16,311
791,Douglas,Berger,John,m,France,2.04,421
792,Seth,Schroeder,Derrick,m,Mauritania,8.27,491
793,Victoria,Hendrix,Todd,f,Burkina Faso,8.68,360
794,Carl,Stewart,Christian,m,Saint Kitts and Nevis,6.65,202
795,Dominique,Patrick,Timothy,f,Gibraltar,7.34,167
796,Amber,Gail,Timothy,f,Chad,6.23,235
797,Lisa,Friedman,Alexander,f,Aruba,6.53,178
798,Rachel,Hannah,Logan,f,Mongolia,3.91,239
799,Kevin,Rose,Michael,m,Lesotho,8.98,289
800,Carolyn,Pruitt,Kevin,f,Yemen,1.72,469
801,Nathan,Thompson,Nicholas,m,Dominican Republic,8.6,70
802,Michael,Wilson,John,m,Yemen,7.64,56
803,Gregory,Morris,Nicholas,m,Chile,2.91,121
804,Ronnie,Burns,David,m,Marshall Islands,2.11,235
805,Cindy,Knight,Nicholas,f,Nauru,1.21,444
806,Crystal,Carlson,Christopher,f,Falkland Islands (Malvinas),5.17,300
807,Jill,Bennett,Scott,f,Georgia,4.3,383
808,Carl,Collins,Kevin,m,Romania,3.35,102
809,Laura,Smith,James,f,Zambia,3.19,80
810,Matthew,Reeves,Benjamin,m,Yemen,6.13,256
811,Tammy,Lambert,Eric,f,Guatemala,5.73,235
812,Emily,Blackwell,Jose,f,United States of America,1.73,435
813,Krista,Wilcox,Donald,f,United States Virgin Islands,8.44,97
814,Brittany,Barber,Mr.,f,Jordan,4.59,101
815,Ann,Smith,Mr.,f,Kazakhstan,7.96,469
816,Cynthia,Harrison,Johnathan,f,Lebanon,6.89,453
817,April,Rivera,David,f,Saudi Arabia,5.36,178
818,Laura,Smith,Patrick,f,Holy See (Vatican City State),9.68,213
819,Sarah,Little,Marc,f,Solomon Islands,8.41,218
820,Brian,Jackson,Alexander,m,Zimbabwe,1.84,144
821,Anthony,Anderson,Michael,m,Cambodia,6.92,56
822,Gregory,Brown,Shane,m,India,1.85,127
823,Virginia,Jimenez,Michael,f,Antigua and Barbuda,1.79,87
824,Brianna,Fowler,Brian,f,Isle of Man,9.28,262
825,Cindy,Larson,Leonard,f,Oman,7.03,175
826,Alexandra,Thomas,Benjamin,f,Trinidad and Tobago,4.69,463
827,Gary,Cook,Hunter,m,Saint Pierre and Miquelon,5.49,348
828,Mary,Jones,Paul,f,Nigeria,2.69,300
829,Whitney,Williamson,Walter,f,Marshall Islands,7.13,245
830,Preston,Sanchez,James,m,Cook Islands,1.77,310
831,Angelica,Collins,Henry,f,Angola,7.5,472
832,Warren,Harris,Jason,m,Chile,2.83,173
833,Sharon,Boyer,Patrick,f,Nicaragua,4.07,130
834,Kayla,Hansen,Edgar,f,Micronesia,1.45,291
835,Denise,Marquez,Russell,f,Zambia,4.34,263
836,Caleb,Perez,Daniel,m,Nepal,5.8,429
837,Lee,Nicholas,Brian,m,Malaysia,5.05,159
838,Mark,Gomez,Christopher,m,Western Sahara,4.11,411
839,Brenda,Bradley,Jeffrey,f,Korea,5.22,220
840,Allison,Adkins,Jeffrey,f,Saint Pierre and Miquelon,7.01,149
841,Amy,Smith,Jackson,f,Senegal,4.33,469
842,James,Ward,Kenneth,m,Andorra,8.93,201
843,Dawn,Norris,Joseph,f,Guam,7.13,287
844,John,Carlson,John,m,Paraguay,2.68,353
845,Curtis,Montgomery,Raymond,m,Kenya,2.13,118
846,Karen,Davis,Austin,f,Dominica,8.99,439
847,Robin,Summers,Brian,f,Cayman Islands,5.32,76
848,Jacqueline,Ashley,Jeff,f,Costa Rica,2.59,113
849,Gabriel,Ramirez,Timothy,m,British Indian Ocean Territory (Chagos Archipelago),2.43,386
850,Dylan,Sanchez,Garrett,m,Switzerland,8.25,297
851,Robert,Orr,Aaron,m,Cote d'Ivoire,5.93,380
852,Kristen,Perez,Michael,f,Romania,1.14,74
853,Amy,Rodgers,John,f,Belarus,4.63,433
854,Savannah,Sanders,Andrew,f,Algeria,5.74,476
855,Brandon,Schroeder,Thomas,m,Sudan,4.6,100
856,Alexandra,Ponce,Victor,f,Netherlands Antilles,8.07,74
857,Shawn,Medina,Justin,m,British Virgin Islands,9.67,366
858,Victor,Garcia,Erik,m,Czech Republic,4.95,117
859,Sara,Lucero,Shane,f,Guatemala,3.14,311
860,Brandon,Torres,Raymond,m,United Kingdom,5.98,248
861,Jennifer,Cooper,Jason,f,Saint Pierre and Miquelon,5.71,261
862,Whitney,Henry,Mason,f,Hong Kong,7.83,453
863,William,Kent,Michael,m,Sri Lanka,9.78,315
864,Christopher,Jones,Carlos,m,Bulgaria,4.11,378
865,Gabriel,Flores,Patrick,m,Estonia,7.14,107
866,Amanda,Newton,James,f,Isle of Man,3.18,183
867,Jordan,Deleon,Stephen,m,Nepal,9.06,297
868,Robert,Aguirre,Dakota,m,Seychelles,5.11,386
869,Gabriella,Kim,Michael,f,Morocco,9.57,84
870,Mary,Hayes,Rodney,f,Guernsey,7.07,241
871,Leslie,Sheppard,Bradley,f,Vietnam,9.35,260
872,Jeffery,Palmer,Dustin,m,Martinique,2.55,436
873,Kimberly,Huerta,Willie,f,Oman,9.5,97
874,Mallory,Simon,Nicholas,f,Algeria,3.17,271
875,Donald,Ball,Roberto,m,Kazakhstan,8.47,57
876,Jennifer,Silva,John,f,Tunisia,6.72,435
877,Jennifer,Swanson,Tyler,f,Paraguay,8.47,256
878,Kyle,Herman,Brian,m,Saint Barthelemy,1.65,308
879,Bryan,Gonzalez,Justin,m,South Georgia and the South Sandwich Islands,2.01,111
880,Vincent,Mayo,Derrick,m,Martinique,4.24,54
881,James,Mayer,Charles,m,Bulgaria,3.32,99
882,Hannah,White,Joseph,f,Ireland,3.2,379
883,Edward,Smith,Anthony,m,Bahamas,1.73,188
884,Julie,Smith,Jermaine,f,Greenland,1.33,198
885,Zoe,Mann,Shane,f,French Guiana,2.32,450
886,Bianca,Browning,Trevor,f,Korea,2.94,356
887,Bonnie,Taylor,Jeff,f,Ghana,8.53,232
888,Kerri,Johnson,Roy,f,Svalbard & Jan Mayen Islands,8.39,261
889,Emily,Mullins,Eric,f,Palau,2.15,427
890,Michelle,Olson,Sean,f,Papua New Guinea,9.33,248
891,Kevin,Ramirez,Bobby,m,Wallis and Futuna,6.83,392
892,Nathaniel,Meyer,Tim,m,Guyana,9.0,411
893,Marie,Price,Adam,f,Congo,8.5,77
894,Melanie,Carter,Anthony,f,French Polynesia,9.91,148
895,Rebecca,Cook,Troy,f,Macedonia,3.28,384
896,Aaron,Anderson,Robert,m,Vanuatu,8.88,87
897,Steven,Vasquez,Kevin,m,Canada,5.98,176
898,Anthony,Graham,Jason,m,Senegal,9.24,402
899,Derrick,Mccullough,Jacob,m,Swaziland,9.87,73
900,William,Jackson,Richard,m,Jersey,8.73,280
901,Jessica,English,Kevin,f,Nigeria,6.58,492
902,David,Stewart,Mr.,m,American Samoa,5.14,471
903,Kenneth,Scott,John,m,Macedonia,1.51,65
904,Joseph,Snyder,Jeffery,m,Sri Lanka,8.27,319
905,Angela,Jordan,Lee,f,Cote d'Ivoire,7.82,319
906,Lisa,Combs,Robert,f,Palestinian Territory,6.37,314
907,Jordan,Harper,Alejandro,m,Georgia,9.94,126
908,Jeffrey,Barnett,Jeremy,m,Svalbard & Jan Mayen Islands,3.46,93
909,Alexander,Lynn,Michael,m,Saint Barthelemy,9.19,339
910,Steven,Jones,Jay,m,Panama,3.67,142
911,Johnny,Joyce,Dylan,m,Netherlands Antilles,7.15,476
912,Scott,Carpenter,Tony,m,Kuwait,4.9,317
913,Julie,Vasquez,Ryan,f,Samoa,7.13,199
914,Alan,Mendoza,Frank,m,Paraguay,2.38,216
915,Natalie,Hampton,Ricardo,f,Kyrgyz Republic,6.17,214
916,Mr.,Rodriguez,Christian,m,Armenia,9.21,484
917,Jacob,William,Jeffrey,m,Congo,8.04,82
918,Edwin,Edwards,Scott,m,Honduras,7.98,471
919,Anita,Cunningham,George,f,Sierra Leone,8.94,306
920,Brittany,Gay,Cody,f,Comoros,3.29,146
921,Donna,Kelly,Dakota,f,Niue,6.03,257
922,Robert,Daniels,William,m,Kuwait,6.56,415
923,Matthew,Navarro,Alexander,m,Bahamas,5.81,239
924,Jessica,Barnes,Joshua,f,Cuba,1.23,58
925,Brian,Hickman,George,m,Netherlands Antilles,2.17,131
926,Victoria,Sanchez,Jose,f,Holy See (Vatican City State),1.82,407
927,Tammy,Underwood,Joseph,f,British Virgin Islands,3.7,416
928,Evelyn,Lawrence,Robert,f,Brazil,1.94,225
929,Devin,Hayes,Drew,m,Singapore,3.25,357
930,Timothy,Bowen,Ian,m,Malawi,6.69,496
931,Dylan,Shaw,Mario,m,Panama,2.62,71
932,Travis,Sherman,Charles,m,United States of America,1.47,453
933,Todd,Martinez,Ronnie,m,Saint Lucia,4.87,419
934,Sara,Anderson,Bryan,f,French Polynesia,7.27,473
935,Lisa,Lee,Ernest,f,Ukraine,7.83,466
936,John,Derrick,Richard,m,Jamaica,1.94,279
937,Lori,Lopez,Daniel,f,Czech Republic,6.04,288
938,Kylie,Hall,Christopher,f,Monaco,9.51,339
939,Tracey,Cruz,Shane,f,Saint Vincent and the Grenadines,6.06,129
940,Darren,Roberts,Jason,m,Thailand,1.4,137
941,Joshua,Glover,Darrell,m,Malawi,5.88,424
942,Jaime,Williams,Brian,f,Turks and Caicos Islands,3.78,104
943,Carol,Williamson,Joshua,f,Saint Barthelemy,9.37,188
944,Travis,Case,Joseph,m,Yemen,7.26,451
945,Trevor,Daniel,Justin,m,South Georgia and the South Sandwich Islands,8.75,377
946,Sharon,Sims,Billy,f,Gibraltar,2.03,299
947,Olivia,Davidson,Kevin,f,Liberia,4.06,267
948,Larry,Jacobson,Dennis,m,China,4.22,500
949,Cody,Berger,Robert,m,Norfolk Island,6.02,130
950,Kristina,Todd,Larry,f,Svalbard & Jan Mayen Islands,3.0,70
951,Daniel,Reynolds,David,m,Faroe Islands,9.08,433
952,Laura,Garrett,Justin,f,Kyrgyz Republic,4.26,143
953,Joshua,Gibson,Michael,m,Macedonia,1.31,268
954,Caleb,Maldonado,John,m,Heard Island and McDonald Islands,6.19,229
955,Andrea,Dean,William,f,Yemen,6.85,159
956,David,Diaz,Thomas,m,Italy,8.73,480
957,David,Johnson,Kenneth,m,Ireland,7.92,333
958,Julia,Rivas,Steven,f,Equatorial Guinea,8.99,259
959,Wesley,Taylor,Michael,m,Bulgaria,2.86,214
960,Gina,Gregory,Patrick,f,India,3.04,302
961,Dr.,Smith,William,m,Cambodia,8.21,440
962,Mrs.,Linda,Christopher,f,Andorra,6.0,191
963,Thomas,Reyes,Douglas,m,Andorra,2.49,497
964,Michael,Wyatt,Fred,m,Moldova,3.4,62
965,Laura,Cummings,Andrew,f,Gibraltar,8.06,487
966,Jeremy,Woodward,Derek,m,Gibraltar,2.59,440
967,Michael,Harrington,Donald,m,Iceland,7.69,492
968,Adrienne,Johnson,Jon,f,Algeria,9.44,498
969,Barbara,Curry,Joseph,f,San Marino,6.91,284
970,Mrs.,Pennington,Bryan,f,Ghana,6.84,145
971,Emma,Lester,Christian,f,French Guiana,6.62,63
972,Pamela,Frye,Matthew,f,Mayotte,6.78,209
973,Stephanie,Sanders,Martin,f,South Georgia and the South Sandwich Islands,1.68,333
974,Shawn,Carlson,James,m,Saint Martin,8.93,296
975,James,Cox,James,m,French Polynesia,2.05,454
976,Kristina,Mills,Christopher,f,American Samoa,7.19,368
977,Nicholas,Garcia,Jose,m,Portugal,2.83,433
978,Kristen,Williams,Richard,f,Puerto Rico,5.23,303
979,Stephen,Williams,Richard,m,Montserrat,7.92,456
980,Matthew,Philip,Eric,m,Macedonia,8.84,100
981,Raymond,Jimenez,Jay,m,South Africa,5.15,460
982,Robert,Ryan,James,m,Cuba,8.49,341
983,Dr.,Velez,Jason,f,Jersey,2.1,163
984,Kevin,Taylor,Richard,m,Mozambique,6.6,452
985,Kevin,Hernandez,Daniel,m,Malaysia,5.08,323
986,Michelle,Valdez,John,f,Eritrea,6.31,215
987,Sarah,Zimmerman,Patrick,f,Tokelau,6.21,497
988,Tina,Price,Eric,f,Cyprus,3.39,84
989,Victoria,Berger,Vincent,f,Iraq,3.14,217
990,Timothy,Anderson,John,m,Belgium,4.11,380
991,Amanda,Anderson,Tyler,f,Tajikistan,1.93,438
992,Nancy,Monroe,Scott,f,Haiti,7.67,377
993,Catherine,Fox,Aaron,f,Nigeria,4.57,125
994,Eric,Sanders,Connor,m,Saint Martin,4.52,264
995,Natasha,Green,Lucas,f,Australia,8.52,354
996,Wanda,Hodges,Jordan,f,Trinidad and Tobago,7.19,219
997,Steven,Vargas,Christopher,m,Falkland Islands (Malvinas),6.1,302
998,Laura,Bowman,Christopher,f,Netherlands,6.24,419
999,Amanda,Smith,David,f,South Africa,2.48,256
1000,Ronald,Martinez,Michael,m,Guinea,3.53,344
