Bones,16483,Libyan Arab Jamahiriya,4.35
A-1 Pictures,26241,Italy,3.74
Bandai Namco Pictures,16441,Belarus,4.71
White Fox,12886,Lao People's Democratic Republic,9.95
Wit Studio,36634,British Indian Ocean Territory (Chagos Archipelago),2.08
Sunrise,16205,Saint Vincent and the Grenadines,8.71
Madhouse,16214,Namibia,1.21
TMS Entertainment,34841,Venezuela,5.4
Kitty Film Mitaka Studio,30197,Indonesia,5.44
Shaft,38679,Luxembourg,3.49
Kyoto Animation,48823,Indonesia,5.5
CoMix Wave Films,12846,French Guiana,9.79
ufotable,13817,South Georgia and the South Sandwich Islands,6.61
Kinema Citrus,35003,San Marino,9.99
MAPPA,32096,Peru,8.64
Pierrot,43673,Peru,9.32
Production I.G,28096,Guinea,6.22
Studio Ghibli,32490,Greece,8.99
Studio LAN,31021,Chad,7.58
Artland,28787,Kuwait,4.15
Studio Deen,42523,Saint Kitts and Nevis,4.63
Studio Bind,21069,Syrian Arab Republic,7.38
OLM,10230,Turkey,7.56
Tokyo Movie Shinsha,25595,New Zealand,7.93
Trigger,24751,Christmas Island,8.9
B.CMAY PICTURES,46497,Austria,4.8
Toei Animation,25240,American Samoa,9.79
Brain's Base,12940,Congo,5.79
Khara,44324,Brazil,4.53
Shuka,20451,Oman,8.66
Gainax,37863,China,1.41
Tatsunoko Production,39946,Rwanda,7.21
CloverWorks,35431,Croatia,5.46
Studio Chizu,25369,Mongolia,4.4
David Production,17100,Holy See (Vatican City State),6.66
Studio VOLN,46629,Spain,9.32
J.C.Staff,45641,Tanzania,6.53
C-Station,33124,Venezuela,5.81
Lerche,16293,Dominica,4.91
Manglobe,46259,Nigeria,9.09
Haoliners Animation League,46821,Holy See (Vatican City State),1.51
Hal Film Maker,24329,Finland,9.29
Shin-Ei Animation,37268,Mexico,8.36
Geno Studio,16836,Israel,3.87
add some,33886,Solomon Islands,8.97
Zero-G,20987,Comoros,4.39
Platinum Vision,39180,Guatemala,3.64
SynergySP,47537,Puerto Rico,8.91
P.A. Works,47465,Azerbaijan,9.61
Orange,21889,Bhutan,3.59
Nippon Animation,32148,Slovenia,1.66
8bit,10441,French Guiana,9.28
SILVER LINK.,32557,Denmark,6.5
feel.,45343,Bolivia,8.25
Topcraft,39422,Guyana,4.28
Xebec,21546,Finland,4.51
Gonzo,45486,Poland,7.39
Tezuka Productions,27880,United States of America,5.43
Motion Magic,41453,Wallis and Futuna,7.16
Hololive Production,33085,Solomon Islands,4.99
Gallop,36913,Cocos (Keeling) Islands,2.39
A.C.G.T.,43520,Anguilla,1.84
LIDENFILMS,22039,Uzbekistan,4.25
Mushi Production,14066,Martinique,3.97
Nut,33165,Seychelles,7.69
Studio Hibari,39277,Cocos (Keeling) Islands,5.46
Imagin,10356,Turkey,6.63
Tencent Animation & Comics,42309,Vietnam,4.49
Studio 4C,10148,Kuwait,8.67
TROYCA,21243,Norway,3.19
Shirogumi,26456,Monaco,2.5
Telescreen,31341,Belarus,8.11
Nippon Ramayana Film Co.,40183,Maldives,4.04
Satelight,17431,Lithuania,4.23
Science SARU,27156,Guinea,8.7
Actas,32608,Jordan,5.45
CLAP,18345,Northern Mariana Islands,4.91
Yumeta Company,12879,United States of America,6.58
Pastel,20143,Jordan,2.61
Telecom Animation Film,16940,Italy,4.51
Seven Arcs,19230,Latvia,7.11
Ajia-Do,20610,Pakistan,4.87
Bibury Animation Studios,12806,Luxembourg,1.15
TYO Animations,21180,Samoa,9.13
Colored Pencil Animation,40347,Poland,9.87
Magic Bus,41443,British Indian Ocean Territory (Chagos Archipelago),9.65
Triangle Staff,45167,Philippines,7.5
Oh! Production,15704,Colombia,4.81
SANZIGEN,40397,Zambia,9.43
Sparkly Key Animation Studio,38504,Bhutan,6.85
Studio Rikka,43639,Saint Kitts and Nevis,6.09
APPP,13143,Saint Lucia,1.68
E&G Films,22896,Uruguay,2.0
Studio Kai,45504,Brunei Darussalam,1.76
Studio Gokumi,45074,Afghanistan,2.44
Doga Kobo,25166,Kazakhstan,9.87
Studio Comet,42302,Armenia,8.53
Group TAC,11991,Thailand,1.11
Radix,19825,Namibia,3.22
M.S.C,11497,United States Minor Outlying Islands,7.87
Bee Train,48751,Gibraltar,3.83
AtelierPontdarc,16895,Malta,8.01
Encourage Films,16963,French Guiana,5.48
AHA Entertainment,47714,Saint Helena,3.37
Square Enix,40699,Cook Islands,2.61
Production IMS,35634,French Guiana,9.78
Hoods Drifters Studio,32991,Fiji,4.97
Tokyo Kids,18613,Slovenia,9.63
Nice Boat Animation,37832,Zimbabwe,4.07
Pierrot Plus,43375,Kyrgyz Republic,3.67
Frontier One,24929,Samoa,4.08
Trans Arts,20206,Luxembourg,7.49
CygamesPictures,10000,Bermuda,6.73
GoHands,14664,Maldives,9.72
Flat Studio,47325,Heard Island and McDonald Islands,6.45
Lay-duce,47928,Hong Kong,1.84
AIC ASTA,24389,Nicaragua,9.53
NAZ,20149,Tokelau,2.28
Studio Kafka,14735,Iran,6.46
Fanworks,18596,Martinique,3.5
GEEK TOYS,27582,Isle of Man,9.99
Djinn Power,21830,Serbia,6.05
Anpro,34730,Slovakia (Slovak Republic),8.07
Phoenix Entertainment,45659,Syrian Arab Republic,8.1
production doA,42667,Tunisia,2.1
Daume,26425,Mayotte,9.5
AIC Spirits,13193,Senegal,8.43
Pine Jam,38966,Mozambique,1.5
Arms,31815,Barbados,3.68
soon-clearly_director_81,24800,Tuvalu,6.3
best-rather_card_15,33094,China,9.91
attorney-leg_beautiful_20,18055,Antarctica (the territory South of 60 deg S),9.34
program-seat_fly_99,29429,Syrian Arab Republic,3.92
happen-trip_book_31,31225,Palestinian Territory,4.12
agree-culture_its_32,22893,Zambia,2.69
instead-worry_civil_8,10849,Korea,1.07
industry-how_rule_45,43090,El Salvador,7.67
environment-vote_soon_5,26786,United States Virgin Islands,2.02
it-factor_record_22,15188,Chile,8.98
seven-entire_not_98,24433,San Marino,8.68
according-hit_remember_37,24870,Montenegro,2.3
character-station_PM_49,20118,Solomon Islands,8.99
country-most_many_25,28221,Timor-Leste,2.76
book-poor_politics_33,23618,Nicaragua,5.12
catch-maybe_onto_61,16756,Moldova,4.72
baby-white_very_41,39193,Estonia,9.98
nation-rest_brother_7,17435,Paraguay,3.41
discover-morning_occur_51,19321,Angola,2.22
each-around_put_9,15521,Tokelau,3.37
those-radio_past_68,40535,Iceland,1.18
local-protect_them_19,27662,Cyprus,1.57
their-deep_power_55,27218,Azerbaijan,1.23
election-plant_get_93,44544,Bahrain,8.88
machine-successful_husband_26,15241,Tonga,1.18
create-cover_leg_29,45178,Tokelau,5.97
avoid-dark_talk_96,13722,Austria,3.85
rather-young_board_27,48673,Bosnia and Herzegovina,5.43
mouth-alone_moment_42,16578,Chad,6.92
general-last_mention_58,27476,Lesotho,5.08
it-country_this_63,23525,Jamaica,9.87
yeah-his_attack_90,38616,Faroe Islands,3.64
stage-Democrat_he_0,17256,Guinea,4.24
road-traditional_partner_85,35171,French Polynesia,7.39
test-spend_wish_93,18966,Gambia,6.97
tree-city_true_3,17966,France,5.67
son-son_analysis_43,15488,Bouvet Island (Bouvetoya),5.32
kind-authority_view_66,37059,Mozambique,4.18
soon-impact_purpose_23,12054,Dominican Republic,8.16
home-movie_type_90,13773,Syrian Arab Republic,1.57
our-also_drug_22,36214,Belize,8.91
price-major_resource_60,26559,Argentina,8.32
hope-theory_leg_24,18015,Lebanon,9.47
ago-section_edge_50,15150,Grenada,6.82
support-matter_many_21,46713,Ghana,1.99
sign-yeah_time_21,45754,Mongolia,7.06
strong-with_number_45,45244,Norway,2.9
live-long_along_66,37204,Singapore,1.35
real-how_message_0,32854,Antigua and Barbuda,2.65
these-world_take_36,38115,Sweden,4.82
unit-bag_kid_17,20857,Timor-Leste,6.58
often-available_career_53,48120,Swaziland,1.48
citizen-foreign_despite_17,40089,Western Sahara,4.26
thought-paper_certainly_47,36575,Germany,3.69
adult-former_such_60,30182,Montserrat,2.04
under-financial_about_97,49863,Peru,7.75
teacher-task_street_5,16566,Benin,9.72
guess-decision_at_59,15478,Cape Verde,3.64
lot-notice_large_79,21662,Tokelau,9.64
there-mission_four_71,46406,Uzbekistan,2.71
professional-he_ago_39,48450,Turks and Caicos Islands,7.55
live-on_point_100,30847,Mongolia,7.97
building-choice_surface_51,24987,Singapore,4.37
fast-stage_machine_12,14974,Namibia,3.01
life-particular_score_22,39072,Guam,2.06
too-foot_beat_54,26139,Malta,4.71
piece-history_hand_83,44494,Sri Lanka,8.79
head-response_fight_5,46476,Bouvet Island (Bouvetoya),7.53
authority-decide_wind_24,25622,Bahrain,6.17
stock-market_institution_92,48907,Czech Republic,2.39
offer-physical_likely_23,34583,French Southern Territories,8.58
truth-check_whose_59,27975,Nauru,8.65
marriage-even_energy_13,11964,Mongolia,9.08
it-commercial_answer_26,11729,Tokelau,1.6
discussion-control_enough_87,47300,El Salvador,1.9
million-open_hundred_47,34653,Antigua and Barbuda,4.82
PM-too_growth_67,45219,French Guiana,9.53
dinner-bit_she_5,45823,Tanzania,3.45
mind-star_civil_13,15927,Cyprus,2.4
morning-pretty_know_96,36724,Togo,5.15
usually-season_director_83,32232,Hungary,6.3
technology-technology_necessary_24,27857,Seychelles,9.27
bill-high_expert_54,15443,Costa Rica,5.15
truth-probably_cause_52,36041,Saint Pierre and Miquelon,9.81
ten-level_reality_44,16838,Angola,2.9
well-when_policy_76,47434,Saint Lucia,9.91
development-range_something_15,49065,Ethiopia,4.55
lot-career_she_24,33521,Estonia,9.92
inside-practice_wall_47,27429,Yemen,5.38
camera-magazine_star_53,20748,Libyan Arab Jamahiriya,8.56
side-art_nation_94,31217,Montserrat,3.11
true-class_investment_11,36433,Jamaica,7.49
increase-candidate_about_52,48147,Saint Vincent and the Grenadines,7.55
story-serious_after_56,12425,Belize,6.73
through-art_same_50,20529,Mongolia,2.91
worker-during_feel_25,20879,Sudan,8.84
policy-best_common_84,40783,Croatia,8.52
themselves-stay_approach_27,42587,Congo,5.41
machine-similar_figure_36,31953,Jersey,6.66
feeling-really_might_68,10857,Equatorial Guinea,8.47
amount-until_room_32,46875,Chad,4.33
establish-television_president_21,45836,Ethiopia,9.15
know-force_that_59,42385,Luxembourg,5.11
affect-upon_specific_27,25728,Ethiopia,3.56
something-medical_major_10,39923,Palestinian Territory,3.57
gas-artist_team_7,36874,Saint Martin,3.95
book-experience_front_30,44480,Niue,9.18
fine-must_cut_15,25743,Andorra,8.14
letter-simple_bar_39,29068,Tajikistan,5.41
think-condition_ball_9,41926,Belgium,1.7
modern-water_arm_99,46134,China,1.47
kid-their_race_73,46572,Senegal,6.95
home-ready_guy_83,45870,Saint Vincent and the Grenadines,7.69
provide-sense_eye_26,19583,Iran,5.15
least-like_type_44,27603,Burkina Faso,2.01
reduce-reason_second_38,31698,Germany,5.54
plant-take_poor_63,21713,Saint Martin,1.18
remain-large_his_30,12377,Guam,4.24
play-blood_reach_87,37590,Algeria,7.13
low-discussion_least_53,44288,Pakistan,4.01
small-in_of_63,15582,Bahamas,8.24
middle-left_truth_95,28658,Ethiopia,1.13
story-develop_perhaps_97,34458,Malaysia,4.35
five-field_these_19,18511,Slovenia,5.11
before-enjoy_product_43,33927,Antigua and Barbuda,8.13
there-walk_still_18,40957,Peru,8.94
begin-discover_party_73,11156,United States of America,5.41
this-us_side_15,47007,United States of America,4.66
girl-Mr_court_62,42725,Morocco,2.48
reason-case_behind_9,23206,Indonesia,5.08
camera-service_night_7,19403,Taiwan,5.37
chair-share_mind_45,25031,San Marino,9.33
respond-since_foreign_65,29128,Dominican Republic,7.79
manage-accept_sit_33,40275,Micronesia,1.66
teach-reality_they_1,21149,Lesotho,8.23
mind-police_speech_67,23013,Tokelau,8.58
walk-month_industry_24,47409,Zambia,9.81
community-these_speak_91,25708,Mozambique,5.23
likely-future_medical_13,32561,Sweden,1.26
whether-hope_ever_15,42158,Pitcairn Islands,1.15
politics-course_my_33,24795,Armenia,1.11
focus-name_sea_8,45949,Qatar,9.27
early-recognize_hospital_3,31105,Faroe Islands,1.14
know-development_seat_27,33381,Slovakia (Slovak Republic),7.49
bank-improve_floor_43,44693,Pitcairn Islands,9.45
Mr-military_specific_46,34923,Macedonia,3.46
need-range_part_78,47278,Algeria,7.03
word-glass_indicate_97,39979,Mozambique,9.46
bag-develop_ability_78,29284,Uganda,7.8
loss-red_rule_58,31669,Tanzania,6.86
answer-not_detail_80,30746,Swaziland,4.26
edge-focus_thus_50,16387,China,8.83
travel-moment_dog_48,21822,Afghanistan,9.84
best-girl_push_27,47589,Italy,3.41
discussion-talk_nation_9,24559,Ukraine,4.56
car-billion_subject_83,14126,Niger,5.5
thing-travel_every_7,24940,Cayman Islands,2.8
east-meeting_pay_36,49894,Eritrea,7.45
power-offer_beyond_53,29592,Maldives,1.53
decide-free_instead_100,18618,Burkina Faso,8.92
later-raise_author_41,21102,Christmas Island,9.24
effect-according_top_28,20700,Dominica,5.64
itself-hope_civil_90,11315,Gibraltar,6.33
sport-compare_management_87,31891,Lao People's Democratic Republic,6.3
choose-ground_purpose_65,18425,Guernsey,8.13
once-cover_tax_9,46345,Malawi,8.49
morning-civil_sport_73,13616,Benin,1.69
edge-others_fall_13,27341,Palau,7.82
the-why_value_23,40985,Denmark,1.21
instead-media_above_99,22484,Monaco,2.28
new-report_miss_31,39678,Botswana,2.44
then-believe_prove_28,21269,Guatemala,9.64
gas-worker_various_75,30267,Solomon Islands,8.64
paper-bed_high_5,42991,Christmas Island,7.59
with-network_office_44,42244,Paraguay,6.66
commercial-war_three_63,26462,Burkina Faso,5.73
foreign-concern_fall_87,45299,Uzbekistan,6.24
force-parent_court_61,39756,Singapore,8.78
represent-more_mean_25,41870,Cote d'Ivoire,4.74
magazine-despite_red_68,40218,Holy See (Vatican City State),6.97
school-soldier_stay_84,40006,Vanuatu,5.19
commercial-technology_never_23,28599,Chad,7.98
see-parent_institution_62,37643,Macedonia,7.33
account-sit_gas_19,25300,New Caledonia,8.1
idea-scene_social_46,17388,Mayotte,5.47
author-watch_kid_82,33287,Switzerland,9.06
rock-economic_cell_97,29135,Bahamas,7.7
room-our_outside_28,35584,Iran,4.54
still-method_candidate_73,11370,Panama,3.25
require-natural_spend_73,23388,Mauritius,9.5
card-between_avoid_58,31140,Suriname,3.08
plant-leg_ask_76,47685,South Africa,9.74
get-car_very_78,15835,Bulgaria,7.87
likely-stuff_group_57,13858,Northern Mariana Islands,9.04
line-price_candidate_57,41025,Macedonia,1.53
option-owner_allow_87,42416,Equatorial Guinea,5.42
whatever-boy_over_5,15368,Russian Federation,9.29
truth-hold_himself_8,27317,Malaysia,2.05
he-in_control_81,13238,Tonga,6.72
quite-different_money_84,32278,Pakistan,2.76
let-each_without_22,20110,Niue,9.74
actually-discuss_we_97,30594,Morocco,6.66
present-right_respond_94,11439,United States Virgin Islands,8.81
third-for_behavior_51,13592,Hong Kong,3.55
office-discover_can_51,44821,Austria,4.51
Republican-force_party_13,19634,Cambodia,7.82
expert-series_painting_28,26795,Zambia,7.07
hear-these_main_22,10881,Macedonia,3.98
poor-professor_want_16,24085,Algeria,2.72
alone-point_dog_53,40714,Estonia,2.36
director-commercial_deep_51,48499,Germany,9.34
enter-which_go_62,33010,Burundi,1.97
focus-trouble_adult_21,22205,Sri Lanka,7.14
just-remain_be_55,21741,Maldives,7.3
give-off_feeling_30,24905,Burundi,2.99
old-really_mission_62,35538,Gabon,7.85
political-probably_tree_44,44115,Costa Rica,2.48
training-entire_put_95,10207,Niue,1.84
dinner-sure_force_27,10829,Comoros,6.21
country-bar_travel_10,34079,Nicaragua,2.3
grow-decide_task_95,14321,Slovenia,6.09
stand-write_question_95,24297,Guinea,4.39
concern-account_concern_8,18261,Panama,9.71
deal-fund_reflect_19,47972,Congo,8.18
inside-protect_anyone_80,38038,Cote d'Ivoire,2.04
town-especially_baby_0,19761,Nicaragua,3.57
gas-particularly_choose_79,30361,Rwanda,2.23
with-discover_say_78,47629,Nigeria,3.61
safe-development_set_21,42170,Namibia,4.95
allow-off_however_80,26863,Samoa,3.8
common-blood_election_73,32701,Norfolk Island,6.27
dog-ahead_outside_51,43135,Guyana,8.48
however-store_student_52,27230,Poland,2.57
service-traditional_attack_17,20911,United States Minor Outlying Islands,2.71
number-near_site_52,43175,Malta,5.26
early-education_edge_53,12415,Grenada,2.12
once-figure_might_35,49765,Korea,4.68
father-minute_case_52,37131,Albania,9.99
lose-marriage_light_55,17636,Kuwait,6.76
choose-language_impact_74,42444,Peru,1.27
whatever-could_business_6,14813,San Marino,3.71
among-artist_church_19,12754,Syrian Arab Republic,9.95
way-fill_cause_3,19757,Algeria,7.64
pull-citizen_general_82,46877,Portugal,4.53
suffer-subject_pretty_87,23713,Malaysia,4.47
guess-building_walk_32,21049,Mongolia,8.21
institution-the_return_99,27383,Kazakhstan,5.61
approach-save_wish_60,37255,Saudi Arabia,8.25
focus-prepare_stand_54,19957,Uzbekistan,5.41
current-degree_soon_67,32114,Saint Martin,3.24
receive-course_most_89,33148,Uruguay,1.81
the-gun_operation_51,14296,Serbia,4.05
gas-success_network_62,11618,Heard Island and McDonald Islands,7.45
person-scene_nation_99,31469,Saint Pierre and Miquelon,2.27
life-me_wrong_76,15574,Lebanon,4.39
black-bed_trouble_63,29849,Niger,3.92
deal-various_western_67,28471,Algeria,2.46
weight-chair_attention_23,17222,British Indian Ocean Territory (Chagos Archipelago),5.25
look-rise_blue_1,48743,Ukraine,5.92
keep-bill_magazine_28,46140,Ireland,1.01
surface-indicate_event_50,21788,Dominica,1.71
health-treat_local_17,34990,Somalia,6.97
cut-walk_plant_9,49131,Central African Republic,7.57
sort-every_management_26,31448,Hong Kong,8.86
mouth-plant_campaign_2,44630,Colombia,3.95
decide-beyond_entire_13,42277,Puerto Rico,2.1
million-card_represent_66,27297,Timor-Leste,9.92
man-prepare_effort_41,39191,Tonga,4.98
discuss-green_nothing_94,11200,United Kingdom,1.03
majority-adult_research_99,41122,Isle of Man,8.58
spend-challenge_reach_51,25425,China,8.68
news-son_attorney_90,22638,Iran,6.0
smile-relate_product_93,22703,Tonga,6.12
hard-big_will_3,43481,Brazil,8.32
so-among_what_70,43181,Cuba,6.45
truth-recent_gun_11,43880,Belarus,1.84
rock-type_figure_67,19001,Hungary,1.24
design-citizen_institution_29,36112,Qatar,9.65
early-challenge_company_91,32987,Slovakia (Slovak Republic),5.3
across-make_interview_54,36355,Iran,4.25
child-star_explain_88,23059,Bahrain,7.27
final-think_race_49,10893,Micronesia,5.38
fine-stay_can_57,27194,Kyrgyz Republic,9.62
positive-alone_receive_100,41354,Lebanon,9.32
must-game_often_52,20853,Djibouti,2.45
challenge-get_fine_92,41883,Martinique,2.52
level-always_conference_97,36906,United States Virgin Islands,5.63
together-relate_Mrs_94,16976,Guyana,7.75
side-seem_want_98,40542,Gibraltar,4.49
partner-interesting_personal_79,46317,Pitcairn Islands,7.3
why-former_easy_30,47840,Svalbard & Jan Mayen Islands,9.09
thought-money_specific_26,39711,Azerbaijan,2.7
purpose-write_yet_32,30147,Samoa,5.59
stay-help_point_13,45096,Armenia,4.55
enter-blue_mean_62,31390,French Guiana,7.78
them-us_ever_80,15146,Swaziland,7.4
difference-become_future_100,12219,Saint Vincent and the Grenadines,6.33
someone-hundred_way_9,21293,Mauritania,1.26
color-too_key_81,20777,Uganda,2.87
kitchen-nature_herself_70,42679,Algeria,1.26
make-speak_tough_58,15820,Tunisia,3.3
along-have_main_33,34998,Guinea,2.18
task-skill_conference_51,31911,Georgia,1.09
meet-action_blue_24,28502,Serbia,2.73
would-event_by_76,45874,Morocco,9.34
population-toward_nothing_80,38483,Bosnia and Herzegovina,8.01
process-financial_part_31,24714,Saudi Arabia,9.76
make-treatment_responsibility_53,46229,Myanmar,8.1
if-old_ok_75,16378,Saint Vincent and the Grenadines,6.31
stay-capital_ahead_87,44825,Western Sahara,4.33
perform-stand_necessary_8,32143,Kyrgyz Republic,2.5
camera-identify_including_58,18434,Guinea,2.0
view-try_nice_8,16663,Ghana,4.64
another-there_cover_68,17921,Malaysia,6.35
attack-per_fill_13,21819,Saudi Arabia,4.22
specific-senior_toward_41,21771,Luxembourg,8.14
soon-book_boy_1,31477,South Georgia and the South Sandwich Islands,9.96
performance-far_charge_88,28557,Argentina,1.11
adult-win_cell_35,11095,Montenegro,3.92
above-well_subject_39,15149,Gabon,9.04
ground-either_quite_60,10589,Kyrgyz Republic,5.28
already-expert_top_54,19924,Estonia,8.99
strategy-play_find_45,40403,Colombia,7.39
month-happen_report_29,47032,Seychelles,9.79
carry-television_should_62,41500,United States Virgin Islands,3.05
parent-lay_pressure_93,25322,American Samoa,2.52
threat-strong_hair_57,26889,Bahamas,2.74
natural-computer_statement_92,13802,Tokelau,9.34
skill-bill_determine_2,21235,Cook Islands,9.04
my-happy_future_62,39567,Spain,6.91
culture-character_production_94,46207,Malaysia,3.33
even-who_oil_94,35924,Guernsey,6.26
enter-situation_black_41,48459,Saint Pierre and Miquelon,2.05
listen-evening_hospital_67,46152,Ukraine,5.82
little-early_to_56,18725,Mexico,7.57
think-throw_adult_64,18639,Germany,9.1
series-any_share_77,46412,Belarus,8.58
production-author_relationship_53,31851,Liechtenstein,8.23
still-issue_glass_2,13167,Antigua and Barbuda,4.91
father-yard_create_54,44421,Azerbaijan,3.32
child-social_large_4,21151,French Southern Territories,7.67
just-member_care_38,40184,Estonia,2.08
different-high_develop_9,34228,French Guiana,5.17
anything-describe_stock_76,24999,Romania,3.57
increase-attack_likely_98,12794,Togo,6.73
decade-event_woman_84,24831,Chad,4.64
walk-according_great_64,45540,Pitcairn Islands,5.67
great-behind_manage_59,39225,Guernsey,4.45
perform-laugh_sense_53,26435,Gambia,5.37
raise-responsibility_open_1,14015,Hungary,6.19
food-public_soldier_15,48865,Ukraine,4.52
authority-notice_there_20,43361,Isle of Man,3.51
increase-return_writer_100,14977,Gibraltar,8.11
buy-chair_smile_100,19278,Jamaica,7.9
save-whatever_school_13,44315,British Virgin Islands,6.47
whom-production_letter_54,33482,Taiwan,3.25
hot-network_least_18,32415,Slovakia (Slovak Republic),5.99
ten-new_trip_42,24939,Algeria,5.06
bar-rich_second_60,34742,Mayotte,7.0
newspaper-successful_offer_38,22523,Georgia,2.84
seem-feel_whether_75,37754,Cambodia,3.91
office-artist_skin_34,23741,Monaco,5.91
provide-account_manage_77,47937,Vietnam,5.67
speak-billion_decision_72,11120,Guernsey,1.63
time-idea_step_94,34167,Ukraine,4.9
decision-instead_north_75,32523,Moldova,1.74
article-few_reduce_44,23778,Saint Lucia,7.0
risk-visit_Republican_2,49442,French Polynesia,6.05
it-matter_force_31,25009,Bosnia and Herzegovina,8.71
agreement-usually_operation_52,39192,Martinique,7.12
commercial-reveal_outside_23,21955,Romania,4.72
surface-man_single_87,14645,Guinea,1.68
simple-risk_mother_81,14309,Venezuela,5.98
significant-expert_speech_29,16057,Serbia,8.09
course-during_player_100,32875,Nigeria,4.74
trade-mention_drop_95,42581,Bulgaria,5.75
heart-foot_company_0,23993,Azerbaijan,6.47
major-democratic_my_35,22646,Kuwait,2.99
during-population_worry_52,33286,Cayman Islands,8.49
tree-focus_base_16,37002,Honduras,7.67
type-say_check_6,24627,Senegal,9.47
must-boy_raise_35,48975,Bolivia,2.94
bar-movement_no_99,48892,Mongolia,3.79
wish-least_weight_18,22773,Finland,6.72
analysis-available_site_47,38186,Paraguay,8.17
door-white_concern_27,47615,Norway,2.71
fact-deep_event_89,28428,Greece,8.57
past-industry_compare_40,13013,Tunisia,6.07
become-officer_available_100,45087,Malaysia,8.71
wife-language_none_25,39143,Congo,4.21
friend-reality_could_45,46663,Ecuador,2.08
answer-letter_simply_80,29574,Guadeloupe,9.77
anyone-or_high_57,44898,Mayotte,2.69
explain-history_impact_92,10532,Mayotte,5.46
senior-consider_western_2,41556,Israel,2.26
school-north_but_86,46475,Montenegro,3.31
treat-through_price_22,30158,Reunion,5.64
environment-able_instead_60,46367,Germany,5.98
improve-open_kind_56,35195,Saint Barthelemy,4.97
sea-set_necessary_27,18790,Saint Lucia,7.51
bank-themselves_top_47,33312,Bulgaria,8.11
develop-lay_each_43,17945,Puerto Rico,5.55
data-eat_employee_21,12351,Western Sahara,7.75
six-day_author_71,18358,Denmark,4.31
instead-Democrat_black_38,37094,Syrian Arab Republic,2.12
lose-response_baby_56,32586,Bermuda,4.55
and-gas_its_19,42641,Iraq,4.34
receive-or_beautiful_53,40495,Italy,4.23
leave-so_beyond_92,40538,Thailand,2.8
staff-million_minute_53,13248,Lebanon,4.67
budget-keep_interview_23,26324,Benin,7.37
entire-hot_collection_19,27619,Malaysia,2.64
government-would_usually_3,20066,Chad,1.54
lawyer-stay_institution_25,36116,Costa Rica,4.32
exist-mind_state_0,29659,Marshall Islands,7.69
day-compare_Mrs_28,44752,Moldova,2.25
court-available_kind_92,14525,Greece,9.15
become-can_under_8,43501,Macao,1.29
left-car_new_52,16505,Swaziland,9.1
mouth-yourself_think_3,21823,Gibraltar,3.7
town-at_ready_97,32007,Comoros,1.16
speech-go_position_74,48450,Ghana,7.85
produce-expert_begin_48,34451,Botswana,2.06
record-still_each_29,39659,Honduras,3.15
hold-public_fly_56,22216,British Indian Ocean Territory (Chagos Archipelago),7.95
admit-after_fight_46,40104,Solomon Islands,5.56
describe-employee_such_60,37409,Swaziland,2.01
television-do_black_55,30144,Slovakia (Slovak Republic),8.96
return-kitchen_remember_27,14741,Trinidad and Tobago,7.66
everything-learn_ball_64,45378,Nigeria,2.92
exist-where_television_0,13037,Philippines,5.43
tough-sport_enjoy_14,23810,Chad,1.19
pull-media_at_88,17929,Finland,3.42
hard-change_must_52,45081,Saudi Arabia,9.48
those-believe_peace_82,22397,Sweden,3.37
medical-soon_smile_25,32098,Montenegro,2.19
end-themselves_think_23,31101,Ethiopia,3.31
prevent-protect_movement_15,24275,Japan,4.95
respond-seem_reflect_33,10938,Peru,1.21
relationship-time_wall_91,29353,Bouvet Island (Bouvetoya),3.55
leader-arrive_father_21,12901,Djibouti,4.1
thing-green_over_91,14862,Cambodia,8.39
nearly-design_fast_58,29494,Bouvet Island (Bouvetoya),4.99
local-culture_modern_74,37603,Antarctica (the territory South of 60 deg S),5.42
discussion-rise_send_38,11923,Monaco,8.61
daughter-suddenly_consumer_14,42444,Croatia,6.92
effect-subject_arm_33,13846,Azerbaijan,2.66
add-owner_mother_89,48107,Monaco,7.07
if-act_pressure_97,46489,Japan,7.28
home-issue_often_11,36718,Saint Kitts and Nevis,8.63
different-left_ground_68,45644,Algeria,1.27
experience-last_effort_51,45175,Guinea,9.57
case-like_health_0,32989,Luxembourg,1.23
two-project_thus_40,27256,Israel,8.13
his-claim_hold_69,45979,Faroe Islands,3.27
key-yes_investment_60,48229,South Georgia and the South Sandwich Islands,2.8
wind-detail_car_7,15842,Netherlands Antilles,2.61
type-administration_second_17,23525,Canada,6.13
change-source_there_13,21767,Sierra Leone,3.02
event-point_each_96,12848,Oman,7.31
six-in_site_67,20266,United States Minor Outlying Islands,8.85
consumer-collection_media_63,31665,Puerto Rico,1.04
describe-hospital_similar_11,32277,Cook Islands,7.11
nature-debate_there_62,28845,Greenland,9.16
quickly-clear_size_65,48739,Palau,2.56
spring-material_mission_94,10178,Cyprus,7.15
writer-deep_sure_64,16300,Micronesia,1.38
gas-list_second_14,20647,France,4.61
meet-probably_today_97,46342,Guinea,9.23
economy-you_may_27,37133,Antarctica (the territory South of 60 deg S),5.36
play-window_single_26,49800,Malawi,6.22
history-music_here_30,43466,Guam,3.06
attention-occur_machine_36,38077,Montenegro,8.14
police-realize_trouble_14,36418,Liberia,5.94
institution-source_race_51,31589,New Zealand,7.99
have-year_play_7,46217,Bangladesh,8.92
doctor-bill_bar_35,26639,Haiti,5.99
voice-authority_daughter_29,24682,Puerto Rico,8.45
develop-wish_impact_63,44487,Sweden,5.06
may-buy_simply_52,10074,Guam,2.0
large-money_election_86,46883,Togo,5.92
live-discussion_good_91,37494,Singapore,9.82
budget-resource_too_78,43549,Haiti,9.14
might-apply_such_54,29675,Vietnam,3.18
make-leader_design_80,36099,Sweden,4.91
walk-same_heart_31,12552,Nepal,4.09
material-Democrat_which_92,25061,Nauru,4.28
itself-hot_beautiful_14,10698,Nigeria,1.78
simple-manage_only_87,23864,Guyana,5.08
level-per_but_86,13002,Sweden,8.91
four-myself_information_64,39839,Hong Kong,7.01
owner-not_outside_36,20824,Czech Republic,6.74
service-consider_leg_43,19398,Pitcairn Islands,5.51
ago-up_color_67,36687,Palestinian Territory,6.69
travel-whose_opportunity_65,29765,Montserrat,8.06
than-enjoy_within_64,12936,Guadeloupe,4.48
his-scientist_rock_16,10061,Luxembourg,5.34
main-international_woman_26,30214,Western Sahara,7.24
want-play_sound_49,43372,Chile,9.98
next-wish_statement_85,41638,Canada,4.65
music-other_rest_62,43048,Greece,6.77
himself-know_tell_83,36578,Congo,4.54
into-party_other_73,29044,Iraq,8.35
everybody-see_single_52,37232,United Arab Emirates,5.73
consider-business_son_79,23080,Ethiopia,4.48
discuss-relate_kid_90,33638,Aruba,3.95
sell-one_allow_85,45101,Dominican Republic,4.37
once-show_however_58,32339,Saint Pierre and Miquelon,2.07
majority-also_hot_69,42326,Portugal,9.87
ok-worry_design_19,18655,Wallis and Futuna,7.68
measure-go_remember_97,39381,Benin,2.55
well-that_look_95,37582,British Virgin Islands,1.26
must-hold_bill_66,28168,Denmark,3.55
arm-movement_investment_93,39452,Sao Tome and Principe,6.12
kind-international_close_31,23973,Costa Rica,2.66
consumer-around_fast_18,38390,Mauritius,4.72
face-ever_fire_33,37182,Chad,5.97
interview-score_simple_40,40009,Saint Lucia,4.2
environmental-strong_upon_17,22462,Spain,6.76
present-history_structure_81,45401,Bangladesh,5.19
item-scene_investment_91,48832,Yemen,7.58
five-plant_beyond_3,20699,Cayman Islands,3.69
himself-direction_open_8,22274,Serbia,7.12
bank-statement_city_40,29524,Slovakia (Slovak Republic),8.28
without-bag_today_24,29176,Montenegro,2.19
everyone-same_message_41,45876,Estonia,8.32
phone-training_college_9,41813,Gibraltar,5.13
at-entire_very_37,39021,Ghana,4.58
meeting-would_receive_84,21391,Botswana,2.9
major-chair_win_20,30626,Aruba,7.81
international-push_home_47,18962,Djibouti,9.95
recently-your_energy_63,32639,Kuwait,8.55
box-especially_upon_55,27270,Lao People's Democratic Republic,3.61
just-deep_military_100,41066,Chad,7.65
project-plant_law_62,16820,Israel,8.26
sound-political_church_34,24128,Chile,2.56
grow-debate_article_25,22072,Georgia,2.46
network-man_service_46,38134,Maldives,1.42
strong-modern_step_40,14931,Vietnam,2.05
member-necessary_them_98,41489,Iceland,6.37
eat-business_environment_5,22057,Guatemala,4.9
house-claim_much_74,41013,El Salvador,2.13
impact-accept_on_30,31983,Yemen,5.13
whatever-water_pass_74,26532,Chile,9.17
line-five_eight_39,13126,Denmark,9.14
question-school_try_71,13057,Maldives,9.14
soldier-hour_memory_64,46998,Brazil,6.13
situation-type_hospital_88,24426,Rwanda,3.55
player-performance_but_92,29309,Mexico,1.18
executive-camera_fine_53,18218,India,4.22
nearly-car_structure_88,35826,Turkey,4.41
system-record_those_87,20649,Guinea,7.01
drug-speak_thought_17,10241,Israel,9.13
you-push_dream_59,14073,United States Virgin Islands,3.1
brother-water_article_53,11448,Lao People's Democratic Republic,8.08
administration-expert_professional_53,20228,Sudan,6.55
school-success_big_94,33268,Bouvet Island (Bouvetoya),5.54
good-this_job_59,13409,Guernsey,7.31
season-occur_third_72,18285,Puerto Rico,8.21
east-friend_simple_76,37089,Botswana,5.1
peace-poor_with_40,24849,China,1.39
down-do_hear_61,17521,Macao,5.16
few-to_use_8,13796,Sweden,7.91
opportunity-time_word_34,40601,Western Sahara,1.19
fly-and_note_74,23184,Guernsey,1.44
site-specific_start_77,22397,Grenada,5.68
responsibility-than_kid_9,20527,Cayman Islands,6.67
world-happy_participant_62,33764,Trinidad and Tobago,9.22
alone-election_manager_96,12841,Wallis and Futuna,2.47
director-happen_which_54,30870,Zimbabwe,5.33
music-total_involve_54,42168,South Africa,8.46
really-finish_west_83,11076,Japan,8.35
record-art_strategy_65,31180,Armenia,2.29
force-yard_begin_9,10776,Czech Republic,9.69
thought-range_every_73,33231,San Marino,8.21
north-never_street_57,41738,Macedonia,7.45
before-thought_focus_25,44708,Barbados,4.21
truth-environmental_young_19,12311,Myanmar,5.26
sport-laugh_chair_98,20534,Algeria,8.1
on-everyone_back_42,41528,Taiwan,5.35
specific-situation_suggest_14,29581,Burundi,1.94
shoulder-former_direction_12,48744,Turkey,7.39
behind-southern_network_41,19480,Saudi Arabia,1.63
oil-under_leader_95,12972,Bahrain,2.27
risk-off_marriage_49,34124,Tokelau,5.54
suggest-within_purpose_53,12661,Singapore,6.19
bag-energy_enough_11,12729,Kazakhstan,7.02
character-hope_quickly_48,42514,Mozambique,3.4
keep-bed_item_51,46529,Tonga,5.36
no-office_after_88,48022,Anguilla,5.34
radio-positive_develop_87,37196,Puerto Rico,5.61
else-a_throughout_22,34381,Ecuador,9.84
character-yard_civil_28,24217,Iraq,6.55
sound-anything_suffer_23,29459,Cocos (Keeling) Islands,7.6
so-southern_seat_92,26330,Chad,5.71
ready-feeling_expert_20,46450,Cuba,7.42
source-ready_political_19,47085,Nauru,4.87
throughout-condition_through_33,41740,Egypt,6.69
include-what_space_78,10703,Somalia,1.25
present-senior_travel_47,34482,Anguilla,4.12
chair-you_walk_18,46771,Barbados,7.23
news-certainly_black_63,43869,Solomon Islands,3.55
assume-figure_prepare_25,45507,Wallis and Futuna,5.27
material-dog_news_25,20376,Singapore,3.45
itself-food_partner_38,40033,United States of America,7.22
scene-report_whose_85,27225,Cameroon,5.66
identify-even_watch_57,19697,Korea,5.15
receive-investment_task_11,27720,Sri Lanka,8.27
while-gun_west_53,38483,Ghana,1.48
term-notice_movement_50,43663,Guinea-Bissau,2.56
vote-process_anyone_46,27438,Slovenia,5.32
open-foot_method_18,34206,Barbados,2.2
room-choice_nearly_71,20524,Bouvet Island (Bouvetoya),3.23
finish-top_should_5,34839,Palestinian Territory,4.05
account-major_state_80,43640,Northern Mariana Islands,9.74
set-name_yard_32,19707,Bahamas,9.66
class-believe_great_5,31800,Thailand,9.08
interesting-box_media_96,13888,Latvia,8.32
civil-attention_discover_34,33781,Brazil,9.51
economic-capital_ten_5,38841,Liberia,3.78
woman-since_like_35,45525,Pitcairn Islands,8.71
Mr-traditional_out_84,24607,Solomon Islands,3.98
never-street_place_75,46109,Saint Kitts and Nevis,7.99
his-wait_ten_61,25708,Saint Vincent and the Grenadines,1.54
experience-dream_follow_91,45048,Japan,7.24
visit-whether_why_48,14980,Macedonia,6.55
cup-exactly_could_79,10945,Malta,9.64
keep-enter_floor_26,20316,Germany,1.17
resource-artist_sit_70,12242,Taiwan,5.72
western-good_message_2,21284,South Georgia and the South Sandwich Islands,5.73
rule-actually_name_55,48233,Ecuador,9.03
best-now_customer_38,31246,Ukraine,4.81
decide-at_still_82,37681,Macao,6.88
project-continue_stand_15,44053,Guatemala,9.77
score-however_wait_22,12347,Falkland Islands (Malvinas),9.39
every-especially_summer_45,19957,Ghana,1.55
adult-general_mean_82,12723,Barbados,2.93
religious-happen_north_79,18650,Macedonia,8.89
environment-front_others_48,13603,Mongolia,5.6
community-conference_his_61,42010,Cyprus,2.49
left-address_that_12,39253,Equatorial Guinea,2.39
term-drive_two_87,20068,Jersey,1.39
experience-third_apply_57,16528,Heard Island and McDonald Islands,7.69
protect-claim_six_92,27303,Turkey,2.55
size-likely_data_54,40818,British Virgin Islands,2.72
finish-stock_thought_39,14504,Turkmenistan,1.37
want-next_scene_38,37241,Kenya,9.59
road-certainly_religious_98,35290,Gambia,8.57
line-draw_piece_36,39150,Timor-Leste,4.26
throw-possible_myself_5,36907,French Polynesia,1.84
late-by_carry_55,47571,Guinea-Bissau,8.71
court-official_test_33,20644,Kyrgyz Republic,1.79
campaign-law_think_1,17122,Bhutan,5.83
modern-interesting_pressure_96,32425,Korea,2.56
identify-education_buy_10,30141,Uzbekistan,8.26
consumer-capital_may_83,30319,Finland,3.48
question-cut_hour_5,17085,Australia,1.18
garden-clear_artist_81,33434,Zimbabwe,7.83
citizen-edge_production_74,40565,Somalia,2.12
go-work_really_53,29780,Jersey,8.21
director-week_ten_63,46910,Austria,3.82
sit-leg_again_22,38568,Paraguay,1.59
dinner-door_food_42,43401,Azerbaijan,7.23
citizen-never_generation_14,38904,Honduras,5.63
field-main_like_23,26989,Sweden,2.89
civil-property_method_62,49104,Lebanon,6.88
pass-use_until_88,47473,Cook Islands,8.39
fear-for_history_99,28562,Ukraine,4.59
try-country_identify_89,18542,Lebanon,3.65
activity-almost_American_24,41739,Zambia,6.62
value-reveal_hold_23,31610,Lebanon,1.02
serious-product_arrive_71,37404,Korea,4.91
prepare-teach_somebody_9,40047,Thailand,2.61
food-boy_industry_5,26503,Bahamas,6.85
eat-run_maintain_68,18629,Greenland,4.17
clearly-behavior_out_22,47928,Jordan,9.82
interview-project_story_43,12538,Niue,8.55
cause-mother_knowledge_24,11026,Tuvalu,7.64
difference-claim_fish_5,46340,Fiji,1.32
body-face_situation_65,11922,Cameroon,1.75
apply-do_job_23,18300,Turks and Caicos Islands,2.98
democratic-late_care_65,12105,Micronesia,7.9
area-officer_gas_45,42991,Western Sahara,6.72
suddenly-what_discussion_34,41798,Barbados,6.81
upon-attack_leader_52,37550,Guatemala,6.46
your-short_policy_94,27650,Turks and Caicos Islands,5.5
beautiful-forward_evidence_20,32674,Montserrat,7.41
because-assume_though_26,23787,Samoa,4.61
forward-pay_back_64,19338,Falkland Islands (Malvinas),3.66
return-who_push_54,34464,Slovakia (Slovak Republic),4.74
subject-base_become_15,17525,Guinea,9.62
there-ago_explain_95,21247,United States of America,2.28
option-enjoy_behind_61,23062,Bahrain,9.83
term-whole_modern_84,46432,Zimbabwe,3.38
outside-hope_trade_1,42895,Somalia,3.2
someone-could_space_60,38139,Sweden,6.32
glass-economy_across_98,25741,United States Virgin Islands,2.35
most-risk_reduce_65,45077,Colombia,5.55
decide-by_paper_9,11915,Indonesia,7.39
pass-image_why_34,34455,Jersey,1.05
difficult-vote_write_64,24654,Saint Vincent and the Grenadines,8.75
laugh-site_human_13,35604,Ghana,6.76
special-Mr_industry_27,41228,Moldova,2.64
mind-process_thank_61,39381,Gambia,9.33
TV-forward_by_99,29680,Kenya,1.57
customer-most_owner_46,28420,Guinea-Bissau,6.48
research-dinner_pay_80,28080,San Marino,9.16
five-kid_power_72,40921,Austria,4.9
challenge-authority_article_60,28543,Saint Kitts and Nevis,3.03
them-better_it_1,11572,British Virgin Islands,2.5
reflect-east_coach_87,14773,Mozambique,6.08
third-could_beautiful_71,34807,Bangladesh,7.23
interest-thus_forget_10,11621,Costa Rica,7.3
live-standard_talk_33,37563,New Zealand,3.41
especially-factor_win_6,45748,Panama,4.43
thus-weight_forward_79,49208,Saint Pierre and Miquelon,8.7
pick-have_our_31,19018,Brazil,6.4
about-identify_truth_90,46170,Oman,8.51
season-message_what_100,29419,Jordan,6.41
drive-argue_save_91,14444,Australia,9.05
necessary-firm_small_15,41962,Bolivia,8.76
realize-shake_both_28,20264,Ghana,8.39
age-on_feeling_47,28440,Korea,9.1
dog-report_dark_84,40963,Uruguay,6.63
money-continue_break_22,28540,Cook Islands,3.85
relate-think_law_77,23396,Uganda,8.75
country-score_probably_95,11473,Namibia,9.69
policy-seat_candidate_67,13484,Libyan Arab Jamahiriya,2.15
building-check_send_1,27453,Myanmar,8.13
share-policy_concern_74,42258,Saudi Arabia,2.63
positive-evening_strategy_28,20479,Congo,7.48
forward-line_course_14,42624,Mozambique,2.99
hotel-high_police_93,39488,Oman,3.67
live-truth_listen_90,13306,Tuvalu,8.3
north-a_follow_19,22748,Antarctica (the territory South of 60 deg S),7.4
executive-accept_able_27,48143,Fiji,1.81
suddenly-six_ask_44,28822,Comoros,2.42
figure-travel_south_40,38578,Estonia,5.56
practice-plan_talk_3,12593,Isle of Man,8.53
way-attorney_purpose_81,14545,Guernsey,4.26
to-foot_already_29,45017,Georgia,1.37
take-artist_summer_84,20364,Tunisia,5.06
represent-out_federal_21,11435,Afghanistan,7.72
speech-dog_Mrs_63,37113,Burundi,5.68
ability-election_everyone_7,38119,Saint Vincent and the Grenadines,6.17
commercial-interview_skin_17,37453,Armenia,7.38
second-economy_investment_33,23252,Liberia,9.06
debate-parent_Republican_93,17651,Macao,9.34
occur-also_case_81,25234,Yemen,9.11
something-treat_protect_43,27610,Costa Rica,6.67
form-lose_able_22,13741,Tunisia,4.49
special-despite_billion_30,21893,Guam,1.71
result-physical_science_80,20424,Latvia,5.23
them-per_environment_42,47642,Nepal,4.48
plan-course_moment_19,13688,Argentina,1.21
born-reason_include_24,44955,Trinidad and Tobago,7.53
live-what_past_12,38410,Mauritius,1.56
relate-far_agent_33,15198,El Salvador,7.2
too-give_piece_69,48923,Croatia,6.23
full-make_name_40,34808,Slovenia,2.97
type-expert_commercial_49,39201,Kyrgyz Republic,3.28
example-gas_be_3,48649,Slovakia (Slovak Republic),6.84
medical-parent_college_33,28276,Belize,5.25
always-within_rise_32,46650,Western Sahara,9.3
across-miss_bill_56,16834,Germany,9.38
sell-when_student_61,18029,Angola,6.72
perform-follow_foot_87,25691,Moldova,8.95
item-color_couple_88,46607,Brazil,6.99
firm-wind_join_71,41625,Albania,7.72
fish-animal_position_5,41421,Bouvet Island (Bouvetoya),4.6
I-bill_level_43,44250,Bosnia and Herzegovina,6.91
top-against_government_32,36417,Poland,1.38
up-coach_Mrs_47,24788,Tonga,6.89
us-suddenly_happy_99,34970,United Arab Emirates,9.86
perhaps-house_personal_11,17617,Bermuda,9.35
action-its_letter_26,31241,Azerbaijan,7.09
state-world_bank_17,29980,Sri Lanka,8.82
from-middle_price_13,46204,Indonesia,9.26
pay-week_project_7,38073,Uzbekistan,9.03
international-energy_deep_38,39300,Norfolk Island,9.14
address-able_air_6,12206,Cocos (Keeling) Islands,1.56
with-painting_half_73,20453,Liechtenstein,1.44
suggest-prove_husband_8,10945,Jersey,4.3
cultural-television_ability_20,11048,Uruguay,7.31
cost-series_challenge_13,30080,Niue,8.19
remember-control_financial_83,48615,Kuwait,2.48
add-finally_option_12,20673,Kuwait,6.26
much-about_physical_2,17197,Serbia,5.65
soon-sea_call_98,11211,Cape Verde,3.96
follow-perhaps_season_48,49755,United States Virgin Islands,4.32
up-suggest_whom_71,23266,Poland,9.87
really-situation_tough_97,49102,Puerto Rico,9.87
girl-attack_southern_90,40548,Turks and Caicos Islands,6.75
surface-right_culture_42,19089,Palau,3.68
best-class_more_3,35204,Togo,8.04
claim-situation_success_22,26004,Comoros,7.37
there-that_such_4,39228,Hong Kong,5.88
thank-enjoy_bed_31,35729,Botswana,5.07
really-contain_positive_11,15037,Brunei Darussalam,6.67
film-north_summer_38,11782,Kuwait,6.6
itself-environmental_family_73,25772,Guernsey,1.51
leg-film_place_49,41186,Andorra,6.38
art-election_laugh_96,47791,India,1.64
hot-civil_so_28,45557,Croatia,3.24
fast-read_dog_37,16934,Denmark,2.34
economic-minute_television_32,28590,Niue,3.48
age-successful_north_28,28268,Tajikistan,4.35
network-claim_officer_26,28294,Guernsey,2.36
wrong-short_tend_99,35403,Bolivia,9.65
name-identify_leg_48,21333,Bahrain,1.45
money-face_fish_34,40010,Heard Island and McDonald Islands,5.46
worker-security_ago_33,28736,Denmark,3.74
big-yard_almost_60,40941,United States Virgin Islands,4.59
north-well_else_44,40606,Canada,3.62
this-movement_story_44,49142,Norway,8.51
big-effect_town_53,16202,Bermuda,1.57
commercial-free_stop_93,48244,Lithuania,1.92
in-yourself_yet_90,32215,Nepal,6.09
positive-tend_model_60,29984,Nicaragua,9.89
tax-science_all_8,30411,Botswana,6.74
visit-democratic_program_28,21721,Philippines,1.06
brother-high_fine_85,27279,Saint Vincent and the Grenadines,6.53
father-well_attention_33,21635,British Virgin Islands,7.53
before-if_yet_58,26848,South Africa,4.52
data-raise_officer_46,18001,Armenia,2.79
oil-news_summer_16,16512,Russian Federation,2.62
kitchen-develop_summer_22,16171,Portugal,4.55
voice-realize_teacher_2,31386,Aruba,3.88
central-different_college_74,38796,Senegal,2.85
mouth-month_hundred_10,36785,Iran,3.5
trip-play_measure_56,21379,Czech Republic,1.66
alone-such_capital_21,30033,United States Minor Outlying Islands,7.53
total-most_war_96,29194,Singapore,5.9
out-production_child_52,41411,Reunion,7.96
nice-against_even_98,40816,Hungary,7.84
down-tell_piece_33,29739,Bulgaria,6.94
about-culture_sell_45,43431,Burundi,3.02
set-believe_enough_73,43700,Kenya,4.69
wide-including_religious_2,21088,Norfolk Island,6.47
how-throughout_into_31,24082,Iceland,1.77
join-detail_or_97,42241,Austria,5.69
everyone-chair_stage_4,27946,Senegal,1.04
person-no_light_28,10816,Iceland,7.06
possible-everybody_teach_65,42493,Israel,4.56
tonight-perhaps_each_67,29080,Cyprus,2.75
wear-technology_know_34,31267,Myanmar,4.6
blood-mind_research_68,43793,Guyana,1.27
power-level_head_20,47077,Aruba,3.29
east-at_drive_25,35864,Lithuania,2.14
church-couple_would_8,37044,Saint Pierre and Miquelon,4.77
bank-protect_fund_3,21136,Nepal,3.39
enter-stage_message_62,46425,Costa Rica,7.87
book-help_focus_95,42995,Cote d'Ivoire,4.85
character-which_material_63,23459,Denmark,2.01
build-quality_social_81,48978,Chad,6.89
democratic-bring_level_10,41574,Wallis and Futuna,3.89
long-cause_American_25,12769,Venezuela,4.56
art-phone_behavior_40,17418,Nicaragua,3.24
that-something_key_62,25063,Panama,4.31
fear-sometimes_Mrs_49,47081,Mexico,9.81
include-instead_same_4,32037,Sierra Leone,8.74
their-carry_card_12,31692,Panama,2.87
nearly-appear_near_30,33778,Oman,6.42
environmental-owner_space_26,17060,Morocco,4.03
agency-wrong_somebody_24,41421,Burundi,7.94
notice-capital_single_61,12676,Macedonia,6.83
relate-always_its_16,43112,Iran,3.67
learn-employee_money_24,13947,Czech Republic,1.8
support-second_bring_8,46425,Turks and Caicos Islands,4.05
space-simply_likely_26,27609,Turkey,7.77
cause-seat_only_70,37888,Saint Pierre and Miquelon,7.6
